Asset,Blockchain,Contract address,Token ID,Description,Ressources,V/F,PIC,,% V,Total
Cryptopunk,Ethereum,0xb47e3cd837dDF8e4c57F05d70Ab865de6e193BBB,1,https://opensea.io/assets/ethereum/0xb47e3cd837ddf8e4c57f05d70ab865de6e193bbb/1,https://etherscan.io/address/0xb47e3cd837ddf8e4c57f05d70ab865de6e193bbb,V,PIC01,,50.49%,307
Cryptopunk,Ethereum,0xb47e3cd837dDF8e4c57F05d70Ab865de6e193BBB,1000,https://opensea.io/assets/ethereum/0xb47e3cd837ddf8e4c57f05d70ab865de6e193bbb/1000,https://etherscan.io/address/0xb47e3cd837ddf8e4c57f05d70ab865de6e193bbb,V,PIC02,,,
Artblock,Ethereum,0x64931F06d3266049Bf0195346973762E6996D764,740,https://opensea.io/assets/ethereum/0x64931f06d3266049bf0195346973762e6996d764/740,https://etherscan.io/address/0x64931f06d3266049bf0195346973762e6996d764,V,PIC03,,,
Artblock,Ethereum,0x64931F06d3266049Bf0195346973762E6996D764,292,https://opensea.io/assets/ethereum/0x64931f06d3266049bf0195346973762e6996d764/292,https://etherscan.io/address/0x64931f06d3266049bf0195346973762e6996d764,V,PIC04,,,
Bored Ape Yacht Club,Ethereum,0xBC4CA0EdA7647A8aB7C2061c2E118A18a936f13D,9274,https://opensea.io/assets/ethereum/0xbc4ca0eda7647a8ab7c2061c2e118a18a936f13d/9274,https://etherscan.io/address/0xbc4ca0eda7647a8ab7c2061c2e118a18a936f13d#code,V,PIC05,,,
Bored Ape Yacht Club,Ethereum,0xBC4CA0EdA7647A8aB7C2061c2E118A18a936f13D,2687,https://opensea.io/assets/ethereum/0xbc4ca0eda7647a8ab7c2061c2e118a18a936f13d/2687,https://etherscan.io/address/0xbc4ca0eda7647a8ab7c2061c2e118a18a936f13d#code,V,PIC06,,,
Pudgy Penguins,Ethereum,0xBd3531dA5CF5857e7CfAA92426877b022e612cf8,5597,https://opensea.io/assets/ethereum/0xbd3531da5cf5857e7cfaa92426877b022e612cf8/5597,https://etherscan.io/address/0xbd3531da5cf5857e7cfaa92426877b022e612cf8,V,PIC07,,,
Pudgy Penguins,Ethereum,0xBd3531dA5CF5857e7CfAA92426877b022e612cf8,8459,https://opensea.io/assets/ethereum/0xbd3531da5cf5857e7cfaa92426877b022e612cf8/8459,https://etherscan.io/address/0xbd3531da5cf5857e7cfaa92426877b022e612cf8,V,PIC08,,,
World of Women,Ethereum,0xe785E82358879F061BC3dcAC6f0444462D4b5330,4237,https://opensea.io/assets/ethereum/0xe785e82358879f061bc3dcac6f0444462d4b5330/4237,https://etherscan.io/address/0xe785e82358879f061bc3dcac6f0444462d4b5330,V,PIC09,,,
World of Women,Ethereum,0xe785E82358879F061BC3dcAC6f0444462D4b5330,2053,https://opensea.io/assets/ethereum/0xe785e82358879f061bc3dcac6f0444462d4b5330/2053,https://etherscan.io/address/0xe785e82358879f061bc3dcac6f0444462d4b5330,V,PIC10,,,
Bored Apes,Ethereum,0x495f947276749Ce646f68AC8c248420045cb7b5e,40021176149709825850022050212743607141213325856229775655480585341763709829121,https://opensea.io/assets/ethereum/0x495f947276749ce646f68ac8c248420045cb7b5e/40021176149709825850022050212743607141213325856229775655480585341763709829121,https://etherscan.io/address/0x495f947276749ce646f68ac8c248420045cb7b5e#code,F,PIC11,,,
Bored Apes,Ethereum,0x495f947276749Ce646f68AC8c248420045cb7b5e,40021176149709825850022050212743607141213325856229775655480585340664198201345,https://opensea.io/assets/ethereum/0x495f947276749ce646f68ac8c248420045cb7b5e/40021176149709825850022050212743607141213325856229775655480585340664198201345,https://etherscan.io/address/0x495f947276749ce646f68ac8c248420045cb7b5e#code,F,PIC12,,,
Artifacts by Emma Miller,Ethereum,0x495f947276749ce646f68ac8c248420045cb7b5e,68128002857422805583013806960501463535381467000216369719658551338048375750657,https://opensea.io/assets/ethereum/0x495f947276749ce646f68ac8c248420045cb7b5e/68128002857422805583013806960501463535381467000216369719658551338048375750657,https://etherscan.io/address/0x495f947276749ce646f68ac8c248420045cb7b5e#codee,F,PIC13,,,
Mutant Hound Collars,Ethereum,0x495f947276749ce646f68ac8c248420045cb7b5e,98026534009363157054788497800574208850174608732885171209198718908849713053697,https://opensea.io/assets/ethereum/0x495f947276749ce646f68ac8c248420045cb7b5e/98026534009363157054788497800574208850174608732885171209198718908849713053697,https://etherscan.io/address/0x495f947276749ce646f68ac8c248420045cb7b5e,F,PIC14,,,
Mekaverse,Polygon,0x2953399124f0cbb46d2cbacd8a89cf0599974963,109187190453121201271650808588172028381542416851704706632395628130275564716044,https://opensea.io/assets/matic/0x2953399124f0cbb46d2cbacd8a89cf0599974963/109187190453121201271650808588172028381542416851704706632395628130275564716044,https://polygonscan.com/address/0x2953399124f0cbb46d2cbacd8a89cf0599974963,F,PIC15,,,
BabyPepes,Ethereum,0x495f947276749ce646f68ac8c248420045cb7b5e,14842930672306685415758205929631665932142134509743519987343855255142870810625,https://opensea.io/assets/ethereum/0x495f947276749ce646f68ac8c248420045cb7b5e/14842930672306685415758205929631665932142134509743519987343855255142870810625,https://etherscan.io/address/0x495f947276749ce646f68ac8c248420045cb7b5e,F,PIC16,,,
Artifacts by Emma Miller,Ethereum,0x4cBE3724cAF315da7e2B08084aFb7A34CFBa2398,514,https://opensea.io/assets/ethereum/0x4cbe3724caf315da7e2b08084afb7a34cfba2398/514,https://etherscan.io/address/0x4cbe3724caf315da7e2b08084afb7a34cfba2398,V,PIC17,,,
GRIDS By Tristan Rettich,Ethereum,0x495f947276749ce646f68ac8c248420045cb7b5e,102876046766516814375887710841279867966866509361583659394795479520997514674177,https://opensea.io/assets/ethereum/0x495f947276749ce646f68ac8c248420045cb7b5e/102876046766516814375887710841279867966866509361583659394795479520997514674177,https://etherscan.io/address/0x495f947276749ce646f68ac8c248420045cb7b5e,F,PIC18,,,
Surreal Dreams by Kaysurreal,Ethereum,0x495f947276749ce646f68ac8c248420045cb7b5e,40320363797662230735878504346961507628508005011297113982907502983594230415361,https://opensea.io/assets/ethereum/0x495f947276749ce646f68ac8c248420045cb7b5e/40320363797662230735878504346961507628508005011297113982907502983594230415361,https://etherscan.io/address/0x495f947276749ce646f68ac8c248420045cb7b5e,F,PIC19,,,
The Working Dead,Ethereum,0x495f947276749ce646f68ac8c248420045cb7b5e,112044904233472648461597897974434982420329966890583405159506723365054861803521,https://opensea.io/assets/ethereum/0x495f947276749ce646f68ac8c248420045cb7b5e/112044904233472648461597897974434982420329966890583405159506723365054861803521,https://etherscan.io/address/0x495f947276749ce646f68ac8c248420045cb7b5e,F,PIC20,,,
You are the Champion,Ethereum,0x495f947276749ce646f68ac8c248420045cb7b5e,43758794250234192188553439057935539872575918329819015340020430411026546032641,https://opensea.io/assets/ethereum/0x495f947276749ce646f68ac8c248420045cb7b5e/43758794250234192188553439057935539872575918329819015340020430411026546032641,https://etherscan.io/address/0x495f947276749ce646f68ac8c248420045cb7b5e,F,PIC21,,,
Galxe Stargator Soldier Collection Optimis.,Polygon,0x2953399124f0cbb46d2cbacd8a89cf0599974963,670450190471280060710954984719024720941266701438335872135542255446099243720,https://opensea.io/assets/matic/0x2953399124f0cbb46d2cbacd8a89cf0599974963/670450190471280060710954984719024720941266701438335872135542255446099243720,https://polygonscan.com/address/0x2953399124f0cbb46d2cbacd8a89cf0599974963,F,PIC22,,,
BYOLAND NFT,Polygon,0x2953399124f0cbb46d2cbacd8a89cf0599974963,,https://opensea.io/assets/matic/0x2953399124f0cbb46d2cbacd8a89cf0599974963/98141189422688303991740946560119142133308861506185173728125490863326346870785,https://polygonscan.com/address/0x2953399124f0cbb46d2cbacd8a89cf0599974963,F,PIC23,,,
Prometheus Lab,Ethereum,0x495f947276749ce646f68ac8c248420045cb7b5e,24913294724164198605805910092331045591910551383015558573360603482998762897409,https://opensea.io/assets/ethereum/0x495f947276749ce646f68ac8c248420045cb7b5e/24913294724164198605805910092331045591910551383015558573360603482998762897409,https://etherscan.io/address/0x495f947276749ce646f68ac8c248420045cb7b5e,F,PIC24,,,
Rogue Society Bot,Ethereum,0x495f947276749ce646f68ac8c248420045cb7b5e,54376477365042831694076225437146854225839812795059010587517922746489026641921,https://opensea.io/assets/ethereum/0x495f947276749ce646f68ac8c248420045cb7b5e/54376477365042831694076225437146854225839812795059010587517922746489026641921,https://etherscan.io/address/0x495f947276749ce646f68ac8c248420045cb7b5e,F,PIC25,NE FONCTIONNE PAS,,
Metal Heads.,Polygon,0x2953399124f0cbb46d2cbacd8a89cf0599974963,96170200172564873500295593759760080034337236193015578736630134591255566352385,https://opensea.io/assets/matic/0x2953399124f0cbb46d2cbacd8a89cf0599974963/96170200172564873500295593759760080034337236193015578736630134591255566352385,https://polygonscan.com/address/0x2953399124f0cbb46d2cbacd8a89cf0599974963,F,PIC26,,,
Slacker Duck Pond,Ethereum,0xec516efecd8276efc608ecd958a4eab8618c61e8,4480,https://opensea.io/assets/ethereum/0xec516efecd8276efc608ecd958a4eab8618c61e8/4480,https://etherscan.io/address/0xec516efecd8276efc608ecd958a4eab8618c61e8,V,PIC27,,,
Baby Duck Pond,Ethereum,0xe41161b8692a2f8aeda6b85d5b92ec6f5724ced7,365,https://opensea.io/assets/ethereum/0xe41161b8692a2f8aeda6b85d5b92ec6f5724ced7/365,https://etherscan.io/address/0xe41161b8692a2f8aeda6b85d5b92ec6f5724ced7,V,PIC28,,,
Kryptoria - Alpha Heroes,Ethereum,0x4d33b3cbd5c8971a67d8f555c73a7ca740c498bd,6787,https://opensea.io/assets/ethereum/0x4d33b3cbd5c8971a67d8f555c73a7ca740c498bd/6787,https://etherscan.io/address/0x4d33b3cbd5c8971a67d8f555c73a7ca740c498bd,F,PIC29,,,
Terraforms by Mathcastles Explained: Onchain land art from a dynamically generated 3D world (Open Edition),Ethereum,0x152888f51beec20975124da76dfa35ba539bbc2d,83,https://opensea.io/assets/ethereum/0x152888f51beec20975124da76dfa35ba539bbc2d/83,https://etherscan.io/address/0x152888f51beec20975124da76dfa35ba539bbc2d,F,PIC30,,,
CrypToadz,Ethereum,0x1CB1A5e65610AEFF2551A50f76a87a7d3fB649C6,4225,https://opensea.io/assets/ethereum/0x1cb1a5e65610aeff2551a50f76a87a7d3fb649c6/4225,https://etherscan.io/address/0x1cb1a5e65610aeff2551a50f76a87a7d3fb649c6,V,PIC31,,,
CrypToadz,Ethereum,0x1CB1A5e65610AEFF2551A50f76a87a7d3fB649C6,559,https://opensea.io/assets/ethereum/0x1cb1a5e65610aeff2551a50f76a87a7d3fb649c6/559,https://etherscan.io/address/0x1cb1a5e65610aeff2551a50f76a87a7d3fb649c6,V,PIC32,,,
CrypGhostz,Ethereum,0x635CAf7C582641C7780d14A9559edf75C858c072,4225,https://opensea.io/assets/ethereum/0x635caf7c582641c7780d14a9559edf75c858c072/4225,https://etherscan.io/address/0x635caf7c582641c7780d14a9559edf75c858c072,F,PIC33,,,
Bored Ape Kennel Club,Ethereum,0xba30E5F9Bb24caa003E9f2f0497Ad287FDF95623,2440,https://opensea.io/assets/ethereum/0xba30e5f9bb24caa003e9f2f0497ad287fdf95623/2440,https://etherscan.io/address/0xba30e5f9bb24caa003e9f2f0497ad287fdf95623,V,PIC34,,,
Clone X - X Takashi Murakami,Ethereum,0x49cF6f5d44E70224e2E23fDcdd2C053F30aDA28B,16977,https://opensea.io/assets/ethereum/0x49cf6f5d44e70224e2e23fdcdd2c053f30ada28b/10865,https://etherscan.io/address/0x49cf6f5d44e70224e2e23fdcdd2c053f30ada28b,V,PIC35,,,
Clone X - X Takashi Murakami,Ethereum,0x49cF6f5d44E70224e2E23fDcdd2C053F30aDA28B,12252,https://opensea.io/assets/ethereum/0x49cf6f5d44e70224e2e23fdcdd2c053f30ada28b/11306,https://etherscan.io/address/0x49cf6f5d44e70224e2e23fdcdd2c053f30ada28b,V,PIC36,,,
Nakamigos - Cloaks,Ethereum,0x0c56f29B8D90eea71D57CAdEB3216b4Ef7494abC,15689,https://opensea.io/assets/ethereum/0x0c56f29b8d90eea71d57cadeb3216b4ef7494abc/15689,https://etherscan.io/address/0x0c56f29b8d90eea71d57cadeb3216b4ef7494abc,V,PIC37,,,
Nakamigos - Cloaks,Ethereum,0x0c56f29B8D90eea71D57CAdEB3216b4Ef7494abC,15189,https://opensea.io/assets/ethereum/0x0c56f29b8d90eea71d57cadeb3216b4ef7494abc/15189,https://etherscan.io/address/0x0c56f29b8d90eea71d57cadeb3216b4ef7494abc,V,PIC38,,,
Nakamigos - Cloaks,Ethereum,0x495f947276749Ce646f68AC8c248420045cb7b5e,33057581581890475673659982806183577281015071726457281636832529286702057914369,https://opensea.io/assets/ethereum/0x495f947276749ce646f68ac8c248420045cb7b5e/33057581581890475673659982806183577281015071726457281636832529286702057914369,https://etherscan.io/address/0x495f947276749ce646f68ac8c248420045cb7b5e,F,PIC39,,,
Lil Pudgys,Ethereum,0x3d1E3bb7d669C8a96D7a606Ea241060c5Ec9cE6a,13,https://opensea.io/assets/base/0x3d1e3bb7d669c8a96d7a606ea241060c5ec9ce6a/13,https://basescan.org/address/0x3d1e3bb7d669c8a96d7a606ea241060c5ec9ce6a,F,PIC40,,,
Lil Pudgys,Ethereum,0x524cAB2ec69124574082676e6F654a18df49A048,13571,https://opensea.io/assets/ethereum/0x524cab2ec69124574082676e6f654a18df49a048/13571,https://etherscan.io/address/0x524cab2ec69124574082676e6f654a18df49a048,V,PIC41,,,
Crypto Citizens,Ethereum,0xbDdE08BD57e5C9fD563eE7aC61618CB2ECdc0ce0,6000346,https://opensea.io/assets/ethereum/0xbdde08bd57e5c9fd563ee7ac61618cb2ecdc0ce0/6000346,https://etherscan.io/address/0xbdde08bd57e5c9fd563ee7ac61618cb2ecdc0ce0,V,PIC42,,,
DeGod,Ethereum,0x8821BeE2ba0dF28761AffF119D66390D594CD280,8565,https://opensea.io/assets/ethereum/0x8821bee2ba0df28761afff119d66390d594cd280/8564,https://etherscan.io/address/0x8821bee2ba0df28761afff119d66390d594cd280,V,PIC43,,,
Barely Opepens,Ethereum,0x978E4915C3a310C8725D3f8c24Ce873484d0AC34,92,https://opensea.io/assets/ethereum/0x978e4915c3a310c8725d3f8c24ce873484d0ac34/92,https://etherscan.io/address/0x978e4915c3a310c8725d3f8c24ce873484d0ac34,V,PIC44,,,
Barely Opepens,Polygon,0xE5B03b0E8cE726d00dF164165767EA68d51B6850,1,https://opensea.io/assets/matic/0xe5b03b0e8ce726d00df164165767ea68d51b6850/1,https://polygonscan.com/address/0xe5b03b0e8ce726d00df164165767ea68d51b6850,F,PIC45,,,
Pudgy Penguins,Ethereum,0xBd3531dA5CF5857e7CfAA92426877b022e612cf8,5910,https://opensea.io/assets/ethereum/0xbd3531da5cf5857e7cfaa92426877b022e612cf8/5910,https://etherscan.io/address/0xbd3531da5cf5857e7cfaa92426877b022e612cf8,V,PIC46,,,
Deadmigos,Ethereum,0x495f947276749Ce646f68AC8c248420045cb7b5e,3642975230110225785701496934298379649310470850627954994466652576593037230081,https://opensea.io/assets/ethereum/0x495f947276749ce646f68ac8c248420045cb7b5e/3642975230110225785701496934298379649310470850627954994466652576593037230081,https://etherscan.io/address/0x495f947276749ce646f68ac8c248420045cb7b5e,F,PIC47,,,
SchizoPosters,Ethereum,0x495f947276749Ce646f68AC8c248420045cb7b5e,11006267601571840661815416617629607740655465782257532403451045094689836367873,https://opensea.io/assets/ethereum/0x495f947276749ce646f68ac8c248420045cb7b5e/11006267601571840661815416617629607740655465782257532403451045094689836367873,https://etherscan.io/address/0x495f947276749ce646f68ac8c248420045cb7b5e,F,PIC48,,,
Terraforms by Mathcastles,Ethereum,0x495f947276749Ce646f68AC8c248420045cb7b5e,95041836124120233483729028283372100141115776094951527918558719341639982120961,https://opensea.io/assets/ethereum/0x495f947276749ce646f68ac8c248420045cb7b5e/95041836124120233483729028283372100141115776094951527918558719341639982120961,https://etherscan.io/address/0x495f947276749ce646f68ac8c248420045cb7b5e,F,PIC49,,,
Valeria Games Genesis Lands,Ethereum,0x495f947276749Ce646f68AC8c248420045cb7b5e,40215280965255643286036880633876771059227150569479714721657421655811630825473,https://opensea.io/assets/ethereum/0x495f947276749ce646f68ac8c248420045cb7b5e/40215280965255643286036880633876771059227150569479714721657421655811630825473,https://etherscan.io/address/0x495f947276749ce646f68ac8c248420045cb7b5e,F,PIC50,,,
Valeria Champions,Ethereum,0x495f947276749Ce646f68AC8c248420045cb7b5e,40215280965255643286036880633876771059227150569479714721657421671204793614337,https://opensea.io/assets/ethereum/0x495f947276749ce646f68ac8c248420045cb7b5e/40215280965255643286036880633876771059227150569479714721657421671204793614337,https://etherscan.io/address/0x495f947276749ce646f68ac8c248420045cb7b5e,F,PIC51,,,
Fables by MetaKozo,Ethereum,0x495f947276749Ce646f68AC8c248420045cb7b5e,40215280965255643286036880633876771059227150569479714721657421628323840131073,https://opensea.io/assets/ethereum/0x495f947276749ce646f68ac8c248420045cb7b5e/40215280965255643286036880633876771059227150569479714721657421628323840131073,https://etherscan.io/address/0x495f947276749ce646f68ac8c248420045cb7b5e,F,PIC52,,,
Fables by MetaKozo,Ethereum,0x0799590A1BC08695111A5a72BbA87297531099E1,1568,https://opensea.io/assets/ethereum/0x0799590a1bc08695111a5a72bba87297531099e1/1568,https://etherscan.io/address/0x0799590a1bc08695111a5a72bba87297531099e1,V,PIC53,,,
Meebit,Ethereum,0x7Bd29408f11D2bFC23c34f18275bBf23bB716Bc7,19712,https://opensea.io/assets/ethereum/0x7bd29408f11d2bfc23c34f18275bbf23bb716bc7/19712,https://etherscan.io/address/0x7bd29408f11d2bfc23c34f18275bbf23bb716bc7,V,PIC54,,,
Moonbirds,Ethereum,0x23581767a106ae21c074b2276D25e5C3e136a68b,1659,https://opensea.io/assets/ethereum/0x23581767a106ae21c074b2276d25e5c3e136a68b/1659,https://etherscan.io/address/0x23581767a106ae21c074b2276d25e5c3e136a68b,V,PIC55,,,
Moonbirds,Ethereum,0x23581767a106ae21c074b2276D25e5C3e136a68b,5351,https://opensea.io/assets/ethereum/0x23581767a106ae21c074b2276d25e5c3e136a68b/5351,https://etherscan.io/address/0x23581767a106ae21c074b2276d25e5c3e136a68b,V,PIC56,,,
Kitaro World,Ethereum,0x39D3230c84EFCB5559D22F499151934476B5c16d,308,https://opensea.io/assets/ethereum/0x39d3230c84efcb5559d22f499151934476b5c16d/308,https://etherscan.io/address/0x39d3230c84efcb5559d22f499151934476b5c16d,V,PIC57,,,
The Beacon,Ethereum,0x990eB28e378659b93A29D46fF41F08DC6316DD98,230619,https://opensea.io/assets/arbitrum/0x990eb28e378659b93a29d46ff41f08dc6316dd98/230619,https://arbiscan.io//address/0x990eb28e378659b93a29d46ff41f08dc6316dd98,V,PIC58,,,
GridHaus,Ethereum,0x495f947276749Ce646f68AC8c248420045cb7b5e,72128101939258565771664964377355881574373941480583879990405294150881615282177,https://opensea.io/assets/ethereum/0x495f947276749ce646f68ac8c248420045cb7b5e/72128101939258565771664964377355881574373941480583879990405294150881615282177,https://etherscan.io/address/0x495f947276749ce646f68ac8c248420045cb7b5e,F,PIC59,,,
GridHaus,Ethereum,0x495f947276749Ce646f68AC8c248420045cb7b5e,72128101939258565771664964377355881574373941480583879990405294154180150165505,https://opensea.io/assets/ethereum/0x495f947276749ce646f68ac8c248420045cb7b5e/72128101939258565771664964377355881574373941480583879990405294154180150165505,https://etherscan.io/address/0x495f947276749ce646f68ac8c248420045cb7b5e,F,PIC60,,,
Spirits by SuperNfty,Ethereum,0xB9373E7D7f54b6d722194c5609D3DE85E971cA4e,174,https://opensea.io/assets/ethereum/0xb9373e7d7f54b6d722194c5609d3de85e971ca4e/174,https://etherscan.io/address/0xb9373e7d7f54b6d722194c5609d3de85e971ca4e,V,PIC61,,,
Spirits by SuperNfty,Ethereum,0xB9373E7D7f54b6d722194c5609D3DE85E971cA4e,64,https://opensea.io/assets/ethereum/0xb9373e7d7f54b6d722194c5609d3de85e971ca4e/64,https://etherscan.io/address/0xb9373e7d7f54b6d722194c5609d3de85e971ca4e,V,PIC62,,,
Bored Ape,Ethereum,0x495f947276749Ce646f68AC8c248420045cb7b5e,79057610344697608252928942283937919389615892139411144090173997063102131077121,https://opensea.io/assets/ethereum/0x495f947276749ce646f68ac8c248420045cb7b5e/79057610344697608252928942283937919389615892139411144090173997063102131077121,https://etherscan.io/address/0x495f947276749ce646f68ac8c248420045cb7b5e,F,PIC63,,,
Fake Friend,Polygon,0x2953399124F0cBB46d2CbACD8A89cF0599974963,79860721899891373286061363264887009073309127328195258923669546626951331971073,https://opensea.io/assets/matic/0x2953399124f0cbb46d2cbacd8a89cf0599974963/79860721899891373286061363264887009073309127328195258923669546626951331971073,https://polygonscan.com/address/0x2953399124f0cbb46d2cbacd8a89cf0599974963,F,PIC64,,,
Gutter Clones,Ethereum,0x41f20599e9e049004C4d169046eb7023117a6244,14865,https://opensea.io/assets/ethereum/0x41f20599e9e049004c4d169046eb7023117a6244/14865,https://etherscan.io/address/0x41f20599e9e049004c4d169046eb7023117a6244,V,PIC65,,,
Gutter Clones,Ethereum,0x41f20599e9e049004C4d169046eb7023117a6244,5294,https://opensea.io/assets/ethereum/0x41f20599e9e049004c4d169046eb7023117a6244/5294,https://etherscan.io/address/0x41f20599e9e049004c4d169046eb7023117a6244,V,PIC66,,,
The Farmacy Fantoms,Ethereum,0x495f947276749Ce646f68AC8c248420045cb7b5e,23503254871503141073582441315863122727356874136520304361170100693753625837569,https://opensea.io/assets/ethereum/0x495f947276749ce646f68ac8c248420045cb7b5e/23503254871503141073582441315863122727356874136520304361170100693753625837569,https://opensea.io/assets/ethereum/0x495f947276749ce646f68ac8c248420045cb7b5e/23503254871503141073582441315863122727356874136520304361170100693753625837569,F,PIC67,,,
The Farmacy Fantoms,Ethereum,0x495f947276749Ce646f68AC8c248420045cb7b5e,23503254871503141073582441315863122727356874136520304361170100694853137465345,https://opensea.io/assets/ethereum/0x495f947276749ce646f68ac8c248420045cb7b5e/23503254871503141073582441315863122727356874136520304361170100694853137465345,https://opensea.io/assets/ethereum/0x495f947276749ce646f68ac8c248420045cb7b5e/23503254871503141073582441315863122727356874136520304361170100693753625837569,F,PIC68,,,
The Farmacy Fantoms,Ethereum,0xf8c4030abd81eB1Eb3564d7904D4F3dDA4885ADF,3775,https://opensea.io/assets/ethereum/0xf8c4030abd81eb1eb3564d7904d4f3dda4885adf/3775,https://etherscan.io/address/0xf8c4030abd81eb1eb3564d7904d4f3dda4885adf,V,PIC69,,,
The Weirdos Series 2 & 3,Ethereum,0xEB4b39C652E7FEEE06C94F32dE1024D7Afb1D71B,29,https://opensea.io/assets/ethereum/0xeb4b39c652e7feee06c94f32de1024d7afb1d71b/29,https://etherscan.io/address/0xeb4b39c652e7feee06c94f32de1024d7afb1d71b,F,PIC70,,,
The Weirdos - Series 1,Ethereum,0x495f947276749Ce646f68AC8c248420045cb7b5e,107681586130635851379788047178493044856461104042989100482912416264110758428673,https://opensea.io/assets/ethereum/0x495f947276749ce646f68ac8c248420045cb7b5e/107681586130635851379788047178493044856461104042989100482912416264110758428673,https://etherscan.io/address/0x495f947276749ce646f68ac8c248420045cb7b5e,V,PIC71,,,
Toshies,Ethereum,0x1562e3428ed1d6CDBdb1695Cc505AbA33AB4Ea5e,432,https://opensea.io/assets/ethereum/0x1562e3428ed1d6cdbdb1695cc505aba33ab4ea5e/432,https://etherscan.io/address/0x1562e3428ed1d6cdbdb1695cc505aba33ab4ea5e,V,PIC72,,,
Pieland,Ethereum,0xd3cD44f07744da3A6e60a4b5fdA1370400Ad515b,7113,https://opensea.io/assets/ethereum/0xd3cd44f07744da3a6e60a4b5fda1370400ad515b/7113,https://etherscan.io/address/0xd3cd44f07744da3a6e60a4b5fda1370400ad515b,V,PIC73,,,
Pieland,Ethereum,0xd3cD44f07744da3A6e60a4b5fdA1370400Ad515b,7664,https://opensea.io/assets/ethereum/0xd3cd44f07744da3a6e60a4b5fda1370400ad515b/7664,https://etherscan.io/address/0xd3cd44f07744da3a6e60a4b5fda1370400ad515b,V,PIC74,,,
The Sanctuary,Ethereum,0x495f947276749Ce646f68AC8c248420045cb7b5e,70883503234643379025467866937584169186633712880680534476648098261448339226625,https://opensea.io/assets/ethereum/0x495f947276749ce646f68ac8c248420045cb7b5e/70883503234643379025467866937584169186633712880680534476648098261448339226625,https://etherscan.io/address/0x495f947276749ce646f68ac8c248420045cb7b5e,F,PIC75,,,
The Sanctuary,Ethereum,0x495f947276749Ce646f68AC8c248420045cb7b5e,70883503234643379025467866937584169186633712880680534476648098263647362482177,https://opensea.io/assets/ethereum/0x495f947276749ce646f68ac8c248420045cb7b5e/70883503234643379025467866937584169186633712880680534476648098263647362482177,https://etherscan.io/address/0x495f947276749ce646f68ac8c248420045cb7b5e,F,PIC76,,,
Shredderz,Polygon,0xAa3571337A0EC16C926bDe57CA4B871ADc5ee886,351,https://opensea.io/assets/matic/0xaa3571337a0ec16c926bde57ca4b871adc5ee886/351,https://polygonscan.com/address/0xaa3571337a0ec16c926bde57ca4b871adc5ee886,F,PIC77,,,
Shredderz,Polygon,0xAa3571337A0EC16C926bDe57CA4B871ADc5ee886,312,https://opensea.io/assets/matic/0xaa3571337a0ec16c926bde57ca4b871adc5ee886/312,https://polygonscan.com/address/0xaa3571337a0ec16c926bde57ca4b871adc5ee886,F,PIC78,,,
Bear Market A**Holes,Ethereum,0x495f947276749Ce646f68AC8c248420045cb7b5e,69148936491253708497156314951101642445679739563785770007668403318816801554433,https://opensea.io/assets/ethereum/0x495f947276749ce646f68ac8c248420045cb7b5e/69148936491253708497156314951101642445679739563785770007668403318816801554433,https://etherscan.io/address/0x495f947276749ce646f68ac8c248420045cb7b5e,F,PIC79,,,
Bear Market A**Holes,Ethereum,0x495f947276749Ce646f68AC8c248420045cb7b5e,69148936491253708497156314951101642445679739563785770007668403312219731787777,https://opensea.io/assets/ethereum/0x495f947276749ce646f68ac8c248420045cb7b5e/69148936491253708497156314951101642445679739563785770007668403312219731787777,https://etherscan.io/address/0x495f947276749ce646f68ac8c248420045cb7b5e,F,PIC80,,,
Seedworld Vanguards,Ethereum,0x495f947276749Ce646f68AC8c248420045cb7b5e,20669106043232436742481438964644892640714890699588941151472407882180555964417,https://opensea.io/assets/ethereum/0x495f947276749ce646f68ac8c248420045cb7b5e/20669106043232436742481438964644892640714890699588941151472407882180555964417,https://etherscan.io/address/0x495f947276749ce646f68ac8c248420045cb7b5e,F,PIC81,,,
Seedworld Vanguards,Ethereum,0x495f947276749Ce646f68AC8c248420045cb7b5e,20669106043232436742481438964644892640714890699588941151472407885479090847745,https://opensea.io/assets/ethereum/0x495f947276749ce646f68ac8c248420045cb7b5e/20669106043232436742481438964644892640714890699588941151472407885479090847745,https://etherscan.io/address/0x495f947276749ce646f68ac8c248420045cb7b5e,F,PIC82,,,
"Cuba""Cuba"" A place that stole my heart",Ethereum,0x495f947276749Ce646f68AC8c248420045cb7b5e,56685760477045004793972724229340420129790063059136279868280112669093733072897,https://opensea.io/assets/ethereum/0x495f947276749ce646f68ac8c248420045cb7b5e/56685760477045004793972724229340420129790063059136279868280112669093733072897,https://etherscan.io/address/0x495f947276749ce646f68ac8c248420045cb7b5e,V,PIC83,,,
"Cuba""Cuba"" A place that stole my heart",Ethereum,0x495f947276749Ce646f68AC8c248420045cb7b5e,56685760477045004793972724229340420129790063059136279868280112673491779584001,https://opensea.io/assets/ethereum/0x495f947276749ce646f68ac8c248420045cb7b5e/56685760477045004793972724229340420129790063059136279868280112673491779584001,https://etherscan.io/address/0x495f947276749ce646f68ac8c248420045cb7b5e,V,PIC84,,,
Metaworld Cat,Polygon,0xe6Ea485c426B00166cEE5543d610BBaAeE154FbE,204,https://opensea.io/assets/matic/0xe6ea485c426b00166cee5543d610bbaaee154fbe/204,https://polygonscan.com/address/0xe6ea485c426b00166cee5543d610bbaaee154fbe,V,PIC85,,,
Metaworld Cat,Polygon,0xe6Ea485c426B00166cEE5543d610BBaAeE154FbE,696,https://opensea.io/assets/matic/0xe6ea485c426b00166cee5543d610bbaaee154fbe/696,https://polygonscan.com/address/0xe6ea485c426b00166cee5543d610bbaaee154fbe,V,PIC86,,,
CryptoSkull,Ethereum,0xc1Caf0C19A8AC28c41Fe59bA6c754e4b9bd54dE9,1260,https://opensea.io/assets/ethereum/0xc1caf0c19a8ac28c41fe59ba6c754e4b9bd54de9/1260,https://etherscan.io/address/0xc1caf0c19a8ac28c41fe59ba6c754e4b9bd54de9,V,PIC87,,,
Loud Punx NFT,Ethereum,0x495f947276749Ce646f68AC8c248420045cb7b5e,84823889240954675335128669285617732852789849137528365654071885226065189142529,https://opensea.io/assets/ethereum/0x495f947276749ce646f68ac8c248420045cb7b5e/84823889240954675335128669285617732852789849137528365654071885226065189142529,https://etherscan.io/address/0x495f947276749ce646f68ac8c248420045cb7b5e,F,PIC88,,,
Loud Punx NFT,Ethereum,0x495f947276749Ce646f68AC8c248420045cb7b5e,84823889240954675335128669285617732852789849137528365654071885222766654259201,https://opensea.io/assets/ethereum/0x495f947276749ce646f68ac8c248420045cb7b5e/84823889240954675335128669285617732852789849137528365654071885222766654259201,https://etherscan.io/address/0x495f947276749ce646f68ac8c248420045cb7b5e,F,PIC89,,,
Bitchcoin,Ethereum,0x495f947276749Ce646f68AC8c248420045cb7b5e,23454874496326082751230642210503912529347837994872914812256794980359954497537,https://opensea.io/assets/ethereum/0x495f947276749ce646f68ac8c248420045cb7b5e/23454874496326082751230642210503912529347837994872914812256794980359954497537,https://etherscan.io/address/0x495f947276749ce646f68ac8c248420045cb7b5e,F,PIC90,,,
Beanz,Ethereum,0x306b1ea3ecdf94aB739F1910bbda052Ed4A9f949,18436,https://opensea.io/assets/ethereum/0x306b1ea3ecdf94ab739f1910bbda052ed4a9f949/18436,https://etherscan.io/address/0x306b1ea3ecdf94ab739f1910bbda052ed4a9f949,V,PIC91,,,
Beanz,Ethereum,0x306b1ea3ecdf94aB739F1910bbda052Ed4A9f949,769,https://opensea.io/assets/ethereum/0x306b1ea3ecdf94ab739f1910bbda052ed4a9f949/769,https://etherscan.io/address/0x306b1ea3ecdf94ab739f1910bbda052ed4a9f949,V,PIC92,,,
Beanz,Ethereum,0x7f713B37712519D104E6aE73646856FcEc40B64D,3787,https://opensea.io/assets/ethereum/0x7f713b37712519d104e6ae73646856fcec40b64d/3787,https://etherscan.io/address/0x7f713b37712519d104e6ae73646856fcec40b64d,F,PIC93,,,
Beanz,Ethereum,0x7f713B37712519D104E6aE73646856FcEc40B64D,3786,https://opensea.io/assets/ethereum/0x7f713b37712519d104e6ae73646856fcec40b64d/3786,https://etherscan.io/address/0x7f713b37712519d104e6ae73646856fcec40b64d,F,PIC94,,,
The Random NFT,Ethereum,0x79Aa05963c92A2a10d96bD840Eb5e73a1E675E92,4501,https://opensea.io/assets/ethereum/0x79aa05963c92a2a10d96bd840eb5e73a1e675e92/4501,https://etherscan.io/address/0x79aa05963c92a2a10d96bd840eb5e73a1e675e92,V,PIC95,,,
The Random NFT,Ethereum,0x79Aa05963c92A2a10d96bD840Eb5e73a1E675E92,4686,https://opensea.io/assets/ethereum/0x79aa05963c92a2a10d96bd840eb5e73a1e675e92/4686,https://etherscan.io/address/0x79aa05963c92a2a10d96bd840eb5e73a1e675e92,V,PIC96,,,
The Randoms honorary NFTs,Ethereum,0x495f947276749Ce646f68AC8c248420045cb7b5e,81352027921636284020689300749587764807129889703630833957402944200689793892353,https://opensea.io/assets/ethereum/0x495f947276749ce646f68ac8c248420045cb7b5e/81352027921636284020689300749587764807129889703630833957402944200689793892353,https://etherscan.io/address/0x495f947276749ce646f68ac8c248420045cb7b5e,F,PIC97,,,
The Randoms honorary NFTs,Ethereum,0x495f947276749Ce646f68AC8c248420045cb7b5e,81352027921636284020689300749587764807129889703630833957402944199590282264577,https://opensea.io/assets/ethereum/0x495f947276749ce646f68ac8c248420045cb7b5e/81352027921636284020689300749587764807129889703630833957402944199590282264577,https://etherscan.io/address/0x495f947276749ce646f68ac8c248420045cb7b5e,F,PIC98,,,
Sticker Bomb,Ethereum,0xC5254C5419390e460cd7DF6556f28390C184F76d,3,https://opensea.io/assets/ethereum/0xc5254c5419390e460cd7df6556f28390c184f76d/3,https://etherscan.io/address/0xc5254c5419390e460cd7df6556f28390c184f76d,V,PIC99,,,
Sticker Bomb,Ethereum,0xC5254C5419390e460cd7DF6556f28390C184F76d,5,https://opensea.io/assets/ethereum/0xc5254c5419390e460cd7df6556f28390c184f76d/5,https://etherscan.io/address/0xc5254c5419390e460cd7df6556f28390c184f76d,V,PIC100,,,
Fableborne Primordials,Polygon,0xA12C6Af626218Ae1b3341771Ab1A657B44050e7a,654,https://opensea.io/assets/matic/0xa12c6af626218ae1b3341771ab1a657b44050e7a/654,https://polygonscan.com/address/0xa12c6af626218ae1b3341771ab1a657b44050e7a,V,PIC101,,,
Fableborne Primordials,Polygon,0xA12C6Af626218Ae1b3341771Ab1A657B44050e7a,964,https://opensea.io/assets/matic/0xa12c6af626218ae1b3341771ab1a657b44050e7a/964,https://polygonscan.com/address/0xa12c6af626218ae1b3341771ab1a657b44050e7a,V,PIC102,,,
Fableborne Primordial,Polygon,0x2953399124F0cBB46d2CbACD8A89cF0599974963,74899437171559244233824178455163294481270669633468213209210366239955637764097,https://opensea.io/assets/matic/0x2953399124f0cbb46d2cbacd8a89cf0599974963/74899437171559244233824178455163294481270669633468213209210366239955637764097,https://polygonscan.com/address/0x2953399124f0cbb46d2cbacd8a89cf0599974963,F,PIC103,,,
Otherside vessels,Ethereum,0x5b1085136a811e55b2Bb2CA1eA456bA82126A376,59729,https://opensea.io/assets/ethereum/0x5b1085136a811e55b2bb2ca1ea456ba82126a376/59729,https://etherscan.io/address/0x5b1085136a811e55b2bb2ca1ea456ba82126a376,V,PIC104,,,
Otherside vessels,Ethereum,0x5b1085136a811e55b2Bb2CA1eA456bA82126A376,53958,https://opensea.io/assets/ethereum/0x5b1085136a811e55b2bb2ca1ea456ba82126a376/53958,https://etherscan.io/address/0x5b1085136a811e55b2bb2ca1ea456ba82126a376,V,PIC105,,,
Narcos,Ethereum,0xF419CdbaCdE81a94378c8168059a7526d7779F98,5741,https://opensea.io/assets/ethereum/0xf419cdbacde81a94378c8168059a7526d7779f98/5741,https://etherscan.io/address/0xf419cdbacde81a94378c8168059a7526d7779f98,V,PIC106,,,
Narcos,Ethereum,0xF419CdbaCdE81a94378c8168059a7526d7779F98,6000,https://opensea.io/assets/ethereum/0xf419cdbacde81a94378c8168059a7526d7779f98/6000,https://etherscan.io/address/0xf419cdbacde81a94378c8168059a7526d7779f98,V,PIC107,,,
Narcos,Polygon,0x5a165fb38beAEbDb74eEB2ea6Ff8aa9F1e9A0Ec0,2,https://opensea.io/assets/matic/0x5a165fb38beaebdb74eeb2ea6ff8aa9f1e9a0ec0/2,https://polygonscan.com/address/0x5a165fb38beaebdb74eeb2ea6ff8aa9f1e9a0ec0,F,PIC108,,,
Narcos,Polygon,0x5a165fb38beAEbDb74eEB2ea6Ff8aa9F1e9A0Ec0,1,https://opensea.io/assets/matic/0x5a165fb38beaebdb74eeb2ea6ff8aa9f1e9a0ec0/1,https://polygonscan.com/address/0x5a165fb38beaebdb74eeb2ea6ff8aa9f1e9a0ec0,F,PIC109,,,
Latitudes,Ethereum,0x06588A87485B11ad55B2DB8BF7345A165E19E3C8,238,https://opensea.io/assets/ethereum/0x06588a87485b11ad55b2db8bf7345a165e19e3c8/238,https://etherscan.io/address/0x06588a87485b11ad55b2db8bf7345a165e19e3c8,V,PIC110,,,
Latitudes,Ethereum,0x06588A87485B11ad55B2DB8BF7345A165E19E3C8,133,https://opensea.io/assets/ethereum/0x06588a87485b11ad55b2db8bf7345a165e19e3c8/133,https://etherscan.io/address/0x06588a87485b11ad55b2db8bf7345a165e19e3c8,V,PIC111,,,
Latitudes,Polygon,0x8655882a2941247Ff6f0A56aaDa6126A82643A98,10,https://opensea.io/assets/matic/0x8655882a2941247ff6f0a56aada6126a82643a98/10,https://polygonscan.com/address/0x8655882a2941247ff6f0a56aada6126a82643a98,F,PIC112,,,
Latitudes,Polygon,0x8655882a2941247Ff6f0A56aaDa6126A82643A98,8,https://opensea.io/assets/matic/0x8655882a2941247ff6f0a56aada6126a82643a98/8,https://polygonscan.com/address/0x8655882a2941247ff6f0a56aada6126a82643a98,F,PIC113,,,
Meelier Milo,Ethereum,0x4A3EE93A2853bAd1061A2711f984e71be278a623,1014,https://opensea.io/assets/ethereum/0x4a3ee93a2853bad1061a2711f984e71be278a623/1014,https://etherscan.io/address/0x4a3ee93a2853bad1061a2711f984e71be278a623,V,PIC114,,,
Meelier Milo,Ethereum,0x4A3EE93A2853bAd1061A2711f984e71be278a623,862,https://opensea.io/assets/ethereum/0x4a3ee93a2853bad1061a2711f984e71be278a623/862,https://etherscan.io/address/0x4a3ee93a2853bad1061a2711f984e71be278a623,V,PIC115,,,
Meelier Milo,Ethereum,0x7D9cf51cb09171406e20F10a5f6365107278C121,12,https://opensea.io/assets/ethereum/0x7d9cf51cb09171406e20f10a5f6365107278c121/12,https://etherscan.io/address/0x7d9cf51cb09171406e20f10a5f6365107278c121,F,PIC116,,,
Meelier Milo,Ethereum,0x7D9cf51cb09171406e20F10a5f6365107278C121,11,https://opensea.io/assets/ethereum/0x7d9cf51cb09171406e20f10a5f6365107278c121/11,https://etherscan.io/address/0x7d9cf51cb09171406e20f10a5f6365107278c121,F,PIC117,,,
Meelier Milo,Polygon,0xBa3daCCc5cD29CD58961cFB70de62dE892a5a598,6,https://opensea.io/assets/matic/0xba3daccc5cd29cd58961cfb70de62de892a5a598/6,https://polygonscan.com/address/0xba3daccc5cd29cd58961cfb70de62de892a5a598,F,PIC118,,,
Seizon,Ethereum,0xA6Cd272874Ee7C872Eb66801Eff62784C0b13285,6038,https://opensea.io/assets/ethereum/0xa6cd272874ee7c872eb66801eff62784c0b13285/6038,https://etherscan.io/address/0xa6cd272874ee7c872eb66801eff62784c0b13285,V,PIC119,,,
Seizon,Ethereum,0xA6Cd272874Ee7C872Eb66801Eff62784C0b13285,4626,https://opensea.io/assets/ethereum/0xa6cd272874ee7c872eb66801eff62784c0b13285/4626,https://etherscan.io/address/0xa6cd272874ee7c872eb66801eff62784c0b13285,V,PIC120,,,
Seizon Zenith,Ethereum,0xe7bB385693616C29A9dbc45aB0195D35C8171fAA,1,https://opensea.io/assets/ethereum/0xe7bb385693616c29a9dbc45ab0195d35c8171faa/1,https://etherscan.io/address/0xe7bb385693616c29a9dbc45ab0195d35c8171faa,V,PIC121,,,
Seizon,Ethereum,0x495f947276749Ce646f68AC8c248420045cb7b5e,24757268225556079283130811718665151569318453317035121778778977491016990327784,https://opensea.io/assets/ethereum/0x495f947276749ce646f68ac8c248420045cb7b5e/24757268225556079283130811718665151569318453317035121778778977491016990327784,https://etherscan.io/address/0x495f947276749ce646f68ac8c248420045cb7b5e,F,PIC122,,,
Seizon,Ethereum,0x495f947276749Ce646f68AC8c248420045cb7b5e,24757268225556079283130811718665151569318453317035121778778977485519432188004,https://opensea.io/assets/ethereum/0x495f947276749ce646f68ac8c248420045cb7b5e/24757268225556079283130811718665151569318453317035121778778977485519432188004,https://etherscan.io/address/0x495f947276749ce646f68ac8c248420045cb7b5e,F,PIC123,,,
Jerks,Ethereum,0x652599872d2B2A633cDd83D394fE2fCe4DCeFc74,263,https://opensea.io/assets/ethereum/0x652599872d2b2a633cdd83d394fe2fce4dcefc74/263,https://etherscan.io/address/0x652599872d2b2a633cdd83d394fe2fce4dcefc74,V,PIC124,,,
Jerks,Ethereum,0x652599872d2B2A633cDd83D394fE2fCe4DCeFc74,245,https://opensea.io/assets/ethereum/0x652599872d2b2a633cdd83d394fe2fce4dcefc74/245,https://etherscan.io/address/0x652599872d2b2a633cdd83d394fe2fce4dcefc74,V,PIC125,,,
Jerks,Ethereum,0x495f947276749Ce646f68AC8c248420045cb7b5e,40479553961876160682244477383739974125115672039581190735500005441255904378881,https://opensea.io/assets/ethereum/0x495f947276749ce646f68ac8c248420045cb7b5e/40479553961876160682244477383739974125115672039581190735500005441255904378881,https://etherscan.io/address/0x495f947276749ce646f68ac8c248420045cb7b5e,F,PIC126,,,
Jerks,Ethereum,0x495f947276749Ce646f68AC8c248420045cb7b5e,40479553961876160682244477383739974125115672039581190735500005444554439262209,https://opensea.io/assets/ethereum/0x495f947276749ce646f68ac8c248420045cb7b5e/40479553961876160682244477383739974125115672039581190735500005444554439262209,https://etherscan.io/address/0x495f947276749ce646f68ac8c248420045cb7b5e,F,PIC127,,,
CNP / Cryptoninja,Ethereum,0x138A5C693279b6Cd82F48d4bEf563251Bc15ADcE,18647,https://opensea.io/assets/ethereum/0x138a5c693279b6cd82f48d4bef563251bc15adce/18647,https://etherscan.io/address/0x138a5c693279b6cd82f48d4bef563251bc15adce,V,PIC128,,,
CNP CRYPTONINJA,Ethereum,0x495f947276749Ce646f68AC8c248420045cb7b5e,113356970985050531428173483593528358282909149347527985405474368756932946165761,https://opensea.io/assets/ethereum/0x495f947276749ce646f68ac8c248420045cb7b5e/113356970985050531428173483593528358282909149347527985405474368756932946165761,https://etherscan.io/address/0x495f947276749ce646f68ac8c248420045cb7b5e,F,PIC129,,,
CNP CRYPTONINJA,Ethereum,0x495f947276749Ce646f68AC8c248420045cb7b5e,113356970985050531428173483593528358282909149347527985405474368777823667093505,https://opensea.io/assets/ethereum/0x495f947276749ce646f68ac8c248420045cb7b5e/113356970985050531428173483593528358282909149347527985405474368777823667093505,https://etherscan.io/address/0x495f947276749ce646f68ac8c248420045cb7b5e,F,PIC130,,,
Blockgames Dice,Ethereum,0x0581dDf7A136c6837429a46C6Cb7b388A3E52971,4280,https://opensea.io/assets/ethereum/0x0581ddf7a136c6837429a46c6cb7b388a3e52971/4280,https://etherscan.io/address/0x0581ddf7a136c6837429a46c6cb7b388a3e52971,V,PIC131,,,
Blockgames Dice,Ethereum,0x0581dDf7A136c6837429a46C6Cb7b388A3E52971,1729,https://opensea.io/assets/ethereum/0x0581ddf7a136c6837429a46c6cb7b388a3e52971/1729,https://etherscan.io/address/0x0581ddf7a136c6837429a46c6cb7b388a3e52971,V,PIC132,,,
Blockgames,Ethereum,0x495f947276749Ce646f68AC8c248420045cb7b5e,31823987234978311487127514018542145550640154260638109325048321090622236655617,https://opensea.io/assets/ethereum/0x495f947276749ce646f68ac8c248420045cb7b5e/31823987234978311487127514018542145550640154260638109325048321090622236655617,https://etherscan.io/address/0x495f947276749ce646f68ac8c248420045cb7b5e,F,PIC133,,,
Blockgames,Ethereum,0x495f947276749Ce646f68AC8c248420045cb7b5e,31823987234978311487127514018542145550640154260638109325048321099418329677825,https://opensea.io/assets/ethereum/0x495f947276749ce646f68ac8c248420045cb7b5e/31823987234978311487127514018542145550640154260638109325048321099418329677825,https://etherscan.io/address/0x495f947276749ce646f68ac8c248420045cb7b5e,F,PIC134,,,
Blockgames Dice,Ethereum,0x495f947276749Ce646f68AC8c248420045cb7b5e,61767926296749021706028564359504661518595169885718309039731035479714811609089,https://opensea.io/assets/ethereum/0x495f947276749ce646f68ac8c248420045cb7b5e/61767926296749021706028564359504661518595169885718309039731035479714811609089,https://etherscan.io/address/0x495f947276749ce646f68ac8c248420045cb7b5e,F,PIC135,,,
Nakamigos,Ethereum,0xd774557b647330C91Bf44cfEAB205095f7E6c367,2118,https://opensea.io/assets/ethereum/0xd774557b647330c91bf44cfeab205095f7e6c367/2118,https://etherscan.io/address/0xd774557b647330c91bf44cfeab205095f7e6c367,V,PIC136,,,
Nakamigos,Ethereum,0xd774557b647330C91Bf44cfEAB205095f7E6c367,16042,https://opensea.io/assets/ethereum/0xd774557b647330c91bf44cfeab205095f7e6c367/16042,https://etherscan.io/address/0xd774557b647330c91bf44cfeab205095f7e6c367,V,PIC137,,,
Nakamigos Deriv,Ethereum,0x495f947276749Ce646f68AC8c248420045cb7b5e,79331945328800392540291683334592811767649565428668033505622506630592736526337,https://opensea.io/assets/ethereum/0x495f947276749ce646f68ac8c248420045cb7b5e/79331945328800392540291683334592811767649565428668033505622506630592736526337,https://etherscan.io/address/0x495f947276749ce646f68ac8c248420045cb7b5e,F,PIC138,,,
Nakamigos Deriv,Ethereum,0x495f947276749Ce646f68AC8c248420045cb7b5e,79331945328800392540291683334592811767649565428668033505622506627294201643009,https://opensea.io/assets/ethereum/0x495f947276749ce646f68ac8c248420045cb7b5e/79331945328800392540291683334592811767649565428668033505622506627294201643009,https://etherscan.io/address/0x495f947276749ce646f68ac8c248420045cb7b5e,F,PIC139,,,
Otherdeed Expanded,Ethereum,0x790B2cF29Ed4F310bf7641f013C65D4560d28371,63828,https://opensea.io/assets/ethereum/0x790b2cf29ed4f310bf7641f013c65d4560d28371/63828,https://etherscan.io/address/0x790b2cf29ed4f310bf7641f013c65d4560d28371,V,PIC140,,,
Otherdeed Expanded,Ethereum,0x790B2cF29Ed4F310bf7641f013C65D4560d28371,89174,https://opensea.io/assets/ethereum/0x790b2cf29ed4f310bf7641f013c65d4560d28371/89174,https://etherscan.io/address/0x790b2cf29ed4f310bf7641f013c65d4560d28371,V,PIC141,,,
Dorkz,Ethereum,0x9B1750e5e27b491F2e3b3Fa969e11a41f4eBb550,1327,https://opensea.io/assets/ethereum/0x9b1750e5e27b491f2e3b3fa969e11a41f4ebb550/1327,https://etherscan.io/address/0x9b1750e5e27b491f2e3b3fa969e11a41f4ebb550,V,PIC142,,,
Dorkz,Ethereum,0x9B1750e5e27b491F2e3b3Fa969e11a41f4eBb550,4673,https://opensea.io/assets/ethereum/0x9b1750e5e27b491f2e3b3fa969e11a41f4ebb550/4673,https://etherscan.io/address/0x9b1750e5e27b491f2e3b3fa969e11a41f4ebb550,V,PIC143,,,
Impossible distance,Ethereum,0x68d0F6d1d99Bb830E17fFaA8aDB5BbeD9D6EEc2E,265,https://opensea.io/assets/ethereum/0x68d0f6d1d99bb830e17ffaa8adb5bbed9d6eec2e/1733,https://etherscan.io/address/0x68d0f6d1d99bb830e17ffaa8adb5bbed9d6eec2e,V,PIC144,,,
Impossible distance,Ethereum,0x68d0F6d1d99Bb830E17fFaA8aDB5BbeD9D6EEc2E,294,https://opensea.io/assets/ethereum/0x68d0f6d1d99bb830e17ffaa8adb5bbed9d6eec2e/1900,https://etherscan.io/address/0x68d0f6d1d99bb830e17ffaa8adb5bbed9d6eec2e,V,PIC145,,,
Azuki,Ethereum,0xED5AF388653567Af2F388E6224dC7C4b3241C544,2641,https://opensea.io/assets/ethereum/0xed5af388653567af2f388e6224dc7c4b3241c544/2641,https://etherscan.io/address/0xed5af388653567af2f388e6224dc7c4b3241c544,V,PIC146,,,
Azuki collectionn,Polygon,0x502f985Cf75a8F67555FD6d86F7EBb3ADd7d3B3D,486,https://opensea.io/assets/matic/0x502f985cf75a8f67555fd6d86f7ebb3add7d3b3d/486,https://polygonscan.com/address/0x502f985cf75a8f67555fd6d86f7ebb3add7d3b3d,F,PIC147,,,
Azuki collectionn,Polygon,0x502f985Cf75a8F67555FD6d86F7EBb3ADd7d3B3D,464,https://opensea.io/assets/matic/0x502f985cf75a8f67555fd6d86f7ebb3add7d3b3d/464,https://polygonscan.com/address/0x502f985cf75a8f67555fd6d86f7ebb3add7d3b3d,F,PIC148,,,
LuppyclubOfficiall,Ethereum,0x495f947276749Ce646f68AC8c248420045cb7b5e,34526953677166615606401255874019497772427792003246650965682903709787038416897,https://opensea.io/assets/ethereum/0x495f947276749ce646f68ac8c248420045cb7b5e/34526953677166615606401255874019497772427792003246650965682903709787038416897,https://etherscan.io/address/0x495f947276749ce646f68ac8c248420045cb7b5e,F,PIC149,,,
LuppyclubOfficiall,Ethereum,0x495f947276749Ce646f68AC8c248420045cb7b5e,34526953677166615606401255874019497772427792003246650965682903708687526789121,https://opensea.io/assets/ethereum/0x495f947276749ce646f68ac8c248420045cb7b5e/34526953677166615606401255874019497772427792003246650965682903708687526789121,https://etherscan.io/address/0x495f947276749ce646f68ac8c248420045cb7b5e,F,PIC150,,,
Meta Legends,Ethereum,0xF9c362CDD6EeBa080dd87845E88512AA0A18c615,278,https://opensea.io/assets/ethereum/0xf9c362cdd6eeba080dd87845e88512aa0a18c615/278,https://etherscan.io/address/0xf9c362cdd6eeba080dd87845e88512aa0a18c615,V,PIC151,,,
Meta Legends,Ethereum,0xF9c362CDD6EeBa080dd87845E88512AA0A18c615,1444,https://opensea.io/assets/ethereum/0xf9c362cdd6eeba080dd87845e88512aa0a18c615/1444,https://etherscan.io/address/0xf9c362cdd6eeba080dd87845e88512aa0a18c615,V,PIC152,,,
Meta Legends Honorary,Ethereum,0x495f947276749Ce646f68AC8c248420045cb7b5e,9941593908783095468296830735161406481891404591903289691002657695583055118337,https://opensea.io/assets/ethereum/0x495f947276749ce646f68ac8c248420045cb7b5e/9941593908783095468296830735161406481891404591903289691002657695583055118337,https://etherscan.io/address/0x495f947276749ce646f68ac8c248420045cb7b5e,F,PIC153,,,
Meta Legends Honorary,Ethereum,0x495f947276749Ce646f68AC8c248420045cb7b5e,9941593908783095468296830735161406481891404591903289691002657696682566746113,https://opensea.io/assets/ethereum/0x495f947276749ce646f68ac8c248420045cb7b5e/9941593908783095468296830735161406481891404591903289691002657696682566746113,https://etherscan.io/address/0x495f947276749ce646f68ac8c248420045cb7b5e,F,PIC154,,,
InfiniGods - The Elder Gods,Ethereum,0xFfa60CD831374F40358de1aA0489123935a8287D,4407,https://opensea.io/assets/ethereum/0xffa60cd831374f40358de1aa0489123935a8287d/4407,https://etherscan.io/address/0xffa60cd831374f40358de1aa0489123935a8287d,V,PIC155,,,
Owls of Fortune,Ethereum,0x495f947276749Ce646f68AC8c248420045cb7b5e,76594253133228894371733163509133432114800056843821934207778372762101820162049,https://opensea.io/assets/ethereum/0x495f947276749ce646f68ac8c248420045cb7b5e/76594253133228894371733163509133432114800056843821934207778372762101820162049,https://etherscan.io/address/0x495f947276749ce646f68ac8c248420045cb7b5e,F,PIC156,,,
Gutter Cat Gang,Ethereum,0xEdB61f74B0d09B2558F1eeb79B247c1F363Ae452,1634,https://opensea.io/assets/ethereum/0xedb61f74b0d09b2558f1eeb79b247c1f363ae452/1634,https://etherscan.io/address/0xedb61f74b0d09b2558f1eeb79b247c1f363ae452,V,PIC157,,,
Ether,Ethereum,0x495f947276749Ce646f68AC8c248420045cb7b5e,9898910882781807130373468742181055788288840286832249115212820536662513680385,https://opensea.io/assets/ethereum/0x495f947276749ce646f68ac8c248420045cb7b5e/9898910882781807130373468742181055788288840286832249115212820536662513680385,https://etherscan.io/address/0x495f947276749ce646f68ac8c248420045cb7b5e,F,PIC158,,,
Terras,Ethereum,0x495f947276749Ce646f68AC8c248420045cb7b5e,9898910882781807130373468742181055788288840286832249115212820442104513691649,https://opensea.io/assets/ethereum/0x495f947276749ce646f68ac8c248420045cb7b5e/9898910882781807130373468742181055788288840286832249115212820442104513691649,https://etherscan.io/address/0x495f947276749ce646f68ac8c248420045cb7b5e,F,PIC159,,,
Terras,Ethereum,0x495f947276749Ce646f68AC8c248420045cb7b5e,9898910882781807130373468742181055788288840286832249115212820566349327630337,https://opensea.io/assets/ethereum/0x495f947276749ce646f68ac8c248420045cb7b5e/9898910882781807130373468742181055788288840286832249115212820566349327630337,https://etherscan.io/address/0x495f947276749ce646f68ac8c248420045cb7b5e,F,PIC160,,,
Elongevity Enigma,Ethereum,0x495f947276749Ce646f68AC8c248420045cb7b5e,43968160685977615213962473366167550739593514775327603928731295688808831385601,https://opensea.io/assets/ethereum/0x495f947276749ce646f68ac8c248420045cb7b5e/43968160685977615213962473366167550739593514775327603928731295688808831385601,https://etherscan.io/address/0x495f947276749ce646f68ac8c248420045cb7b5e,F,PIC161,,,
Elongevity Enigma,Ethereum,0xFfBa892D276e4687E44edfA9De529851559f3634,4316,https://opensea.io/assets/ethereum/0xffba892d276e4687e44edfa9de529851559f3634/4316,https://etherscan.io/address/0xffba892d276e4687e44edfa9de529851559f3634,V,PIC162,,,
Elongevity Enigma,Ethereum,0xFfBa892D276e4687E44edfA9De529851559f3634,5737,https://opensea.io/assets/ethereum/0xffba892d276e4687e44edfa9de529851559f3634/5737,https://etherscan.io/address/0xffba892d276e4687e44edfa9de529851559f3634,V,PIC163,,,
Opepen Edition,Ethereum,0x6339e5E072086621540D0362C4e3Cea0d643E114,4027,https://opensea.io/assets/ethereum/0x6339e5e072086621540d0362c4e3cea0d643e114/4027,https://etherscan.io/address/0x6339e5e072086621540d0362c4e3cea0d643e114,V,PIC164,,,
Opepen Edition,Ethereum,0x495f947276749Ce646f68AC8c248420045cb7b5e,107098512490033263933007318970702772402963075423247013599176449340158150443009,https://opensea.io/assets/ethereum/0x495f947276749ce646f68ac8c248420045cb7b5e/107098512490033263933007318970702772402963075423247013599176449340158150443009,https://etherscan.io/address/0x495f947276749ce646f68ac8c248420045cb7b5e,F,PIC165,,,
ON1 Force,Ethereum,0x495f947276749Ce646f68AC8c248420045cb7b5e,23454874496326082751230642210503912529347837994872914812256794971563861475329,https://opensea.io/assets/ethereum/0x495f947276749ce646f68ac8c248420045cb7b5e/23454874496326082751230642210503912529347837994872914812256794971563861475329,https://etherscan.io/address/0x495f947276749ce646f68ac8c248420045cb7b5e,F,PIC166,,,
The memes,Ethereum,0x495f947276749Ce646f68AC8c248420045cb7b5e,29945831813588841417940975249761515740508103811356341083454748737891182051329,https://opensea.io/assets/ethereum/0x495f947276749ce646f68ac8c248420045cb7b5e/29945831813588841417940975249761515740508103811356341083454748737891182051329,https://etherscan.io/address/0x495f947276749ce646f68ac8c248420045cb7b5e,F,PIC167,,,
PIXOGRES,Ethereum,0x1827327EC27727602DF396286327af3BAa7C3289,458,https://opensea.io/assets/ethereum/0x1827327ec27727602df396286327af3baa7c3289/458,https://etherscan.io/address/0x1827327ec27727602df396286327af3baa7c3289,V,PIC168,,,
DeafBeef,Ethereum,0xd754937672300Ae6708a51229112dE4017810934,62,https://opensea.io/assets/ethereum/0xd754937672300ae6708a51229112de4017810934/62,https://etherscan.io/address/0xd754937672300ae6708a51229112de4017810934,V,PIC169,,,
Base Paint,Ethereum,0xBa5e05cb26b78eDa3A2f8e3b3814726305dcAc83,54,https://opensea.io/assets/base/0xba5e05cb26b78eda3a2f8e3b3814726305dcac83/54,https://basescan.org/address/0xba5e05cb26b78eda3a2f8e3b3814726305dcac83,V,PIC170,,,
SAINTS of LA,Ethereum,0x495f947276749Ce646f68AC8c248420045cb7b5e,16268213103183017764047712345124337435168191047030374832646157400380574531585,https://opensea.io/assets/ethereum/0x495f947276749ce646f68ac8c248420045cb7b5e/16268213103183017764047712345124337435168191047030374832646157400380574531585,https://etherscan.io/address/0x495f947276749ce646f68ac8c248420045cb7b5e,F,PIC171,,,
RENGA,Polygon,0x1fD855337dffbFF1Baf1E43e9C1A2e71f0BBfc1A,0,https://opensea.io/assets/matic/0x1fd855337dffbff1baf1e43e9c1a2e71f0bbfc1a/0,https://polygonscan.com/address/0x1fd855337dffbff1baf1e43e9c1a2e71f0bbfc1a,F,PIC172,,,
The Mfer chicks,Ethereum,0xdA858C5183e9024C0D5301ee85AE1e41dbe0F880,1832,https://opensea.io/assets/ethereum/0xda858c5183e9024c0d5301ee85ae1e41dbe0f880/1832,https://etherscan.io/address/0xda858c5183e9024c0d5301ee85ae1e41dbe0f880,F,PIC173,,,
The unordinal meetbits,Ethereum,0xD17B5B8eAEd944f4f1cCCD5c5e0961DF0F37Ff26,10,https://opensea.io/assets/ethereum/0xd17b5b8eaed944f4f1cccd5c5e0961df0f37ff26/10,https://etherscan.io/address/0xd17b5b8eaed944f4f1cccd5c5e0961df0f37ff26,F,PIC174,,,
The Smurfs Society | Ingredients & Potions,Polygon,0x48c75FbF0452fA8FF2928Ddf46B0fE7629cCa2FF,6,https://opensea.io/assets/matic/0x48c75fbf0452fa8ff2928ddf46b0fe7629cca2ff/6,https://polygonscan.com/address/0x48c75fbf0452fa8ff2928ddf46b0fe7629cca2ff,V,PIC175,,,
Kraken,Polygon,0x2478490ED24dc0Fec999be7FD2eB714035D83823,8645,https://opensea.io/assets/matic/0x2478490ed24dc0fec999be7fd2eb714035d83823/8645,https://polygonscan.com/address/0x2478490ed24dc0fec999be7fd2eb714035d83823,V,PIC176,,,
Figth Me: Triumphia origins,Polygon,0x63B6f4FB67DE2293fE1393A4111A07a5d614b6D6,5,https://opensea.io/assets/matic/0x63b6f4fb67de2293fe1393a4111a07a5d614b6d6/5,https://polygonscan.com/address/0x63b6f4fb67de2293fe1393a4111a07a5d614b6d6,F,PIC177,,,
Figth Me: Triumphia origins,Polygon,0xF214E792F8A5C199eE69288B6832b14B325D94eD,7234,https://opensea.io/assets/matic/0xf214e792f8a5c199ee69288b6832b14b325d94ed/7234,https://polygonscan.com/address/0xf214e792f8a5c199ee69288b6832b14b325d94ed,V,PIC178,,,
The Monsters,Polygon,0x2953399124F0cBB46d2CbACD8A89cF0599974963,99478027352093246616490987577428832875807355370398666702103720607667873382401,https://opensea.io/assets/matic/0x2953399124f0cbb46d2cbacd8a89cf0599974963/99478027352093246616490987577428832875807355370398666702103720607667873382401,https://polygonscan.com/address/0x2953399124f0cbb46d2cbacd8a89cf0599974963,F,PIC179,,,
The Monsters,Polygon,0x863A82228DAE5d92bE2156Bc4e256d604bCdF6BB,888,https://opensea.io/assets/matic/0x863a82228dae5d92be2156bc4e256d604bcdf6bb/888,https://polygonscan.com/address/0x863a82228dae5d92be2156bc4e256d604bcdf6bb,V,PIC180,,,
Bulldog,Polygon,0xAB4E3e5b511b2DB7bD5db8789EAcBece9aaeC5C8,1,https://opensea.io/assets/matic/0xab4e3e5b511b2db7bd5db8789eacbece9aaec5c8/1,https://polygonscan.com/address/0xab4e3e5b511b2db7bd5db8789eacbece9aaec5c8,F,PIC181,,,
Polygon bull club,Polygon,0x2953399124F0cBB46d2CbACD8A89cF0599974963,25753552711528398690366267910398674149957442417373324360119101312953080610817,https://opensea.io/assets/matic/0x2953399124f0cbb46d2cbacd8a89cf0599974963/25753552711528398690366267910398674149957442417373324360119101312953080610817,https://polygonscan.com/address/0x2953399124f0cbb46d2cbacd8a89cf0599974963,F,PIC182,,,
Digi Dorkz,Ethereum,0xE5fD835470D3162Bcd94F68d5394Fb71bF1C5287,10,https://opensea.io/assets/matic/0xe5fd835470d3162bcd94f68d5394fb71bf1c5287/10,https://polygonscan.com/address/0xe5fd835470d3162bcd94f68d5394fb71bf1c5287,F,PIC183,,,
Digi Dorkz,Ethereum,0x99A14fa2A0E0Bd22Dd224Dd746cfC4ed56AD66b4,611,https://opensea.io/assets/ethereum/0x99a14fa2a0e0bd22dd224dd746cfc4ed56ad66b4/611,https://etherscan.io/address/0x99a14fa2a0e0bd22dd224dd746cfc4ed56ad66b4,V,PIC184,,,
Sproto Gremlins,Ethereum,0x495f947276749Ce646f68AC8c248420045cb7b5e,9281635311272296901545662685361522864824229795097207087014519957736011071489,https://opensea.io/assets/ethereum/0x495f947276749ce646f68ac8c248420045cb7b5e/9281635311272296901545662685361522864824229795097207087014519957736011071489,https://etherscan.io/address/0x495f947276749ce646f68ac8c248420045cb7b5e,F,PIC185,,,
Sproto Gremlins,Ethereum,0xEeca64ea9fCf99A22806Cd99b3d29cf6e8D54925,714,https://opensea.io/assets/ethereum/0xeeca64ea9fcf99a22806cd99b3d29cf6e8d54925/714,https://etherscan.io/address/0xeeca64ea9fcf99a22806cd99b3d29cf6e8d54925,V,PIC186,,,
Saved Souls,Ethereum,0x495f947276749Ce646f68AC8c248420045cb7b5e,16577318207565213617753329316780303436238274682435433616718216205710747762689,https://opensea.io/assets/ethereum/0x495f947276749ce646f68ac8c248420045cb7b5e/16577318207565213617753329316780303436238274682435433616718216205710747762689,https://etherscan.io/address/0x495f947276749ce646f68ac8c248420045cb7b5e,F,PIC187,,,
Saved Souls,Ethereum,0x884Ba86FAA29745b6C40B7098567A393E91335CF,764,https://opensea.io/assets/ethereum/0x884ba86faa29745b6c40b7098567a393e91335cf/764,https://etherscan.io/address/0x884ba86faa29745b6c40b7098567a393e91335cf,V,PIC188,,,
MERGE VV,Ethereum,0x495f947276749Ce646f68AC8c248420045cb7b5e,96510653557806544970415342426700664522877474524009704882066609514854653886465,https://opensea.io/assets/ethereum/0x495f947276749ce646f68ac8c248420045cb7b5e/96510653557806544970415342426700664522877474524009704882066609514854653886465,https://etherscan.io/address/0x495f947276749ce646f68ac8c248420045cb7b5e,F,PIC189,,,
Blips,Ethereum,0x495f947276749Ce646f68AC8c248420045cb7b5e,25824570036794798370949278917275716860018398422689878165305225583162812268545,https://opensea.io/assets/ethereum/0x495f947276749ce646f68ac8c248420045cb7b5e/25824570036794798370949278917275716860018398422689878165305225583162812268545,https://etherscan.io/address/0x495f947276749ce646f68ac8c248420045cb7b5e,F,PIC190,,,
Bumpkin Wearables,Polygon,0x2953399124F0cBB46d2CbACD8A89cF0599974963,21828670064999081948239625585731803011907636856889216244003716911256737677341,https://opensea.io/assets/matic/0x2953399124f0cbb46d2cbacd8a89cf0599974963/21828670064999081948239625585731803011907636856889216244003716911256737677341,https://polygonscan.com/address/0x2953399124f0cbb46d2cbacd8a89cf0599974963,F,PIC191,,,
Bumpkin Wearables,Polygon,0x4bb5b2461e9Ef782152c3a96698b2a4cF55B6162,14,https://opensea.io/assets/matic/0x4bb5b2461e9ef782152c3a96698b2a4cf55b6162/14,https://polygonscan.com/address/0x4bb5b2461e9ef782152c3a96698b2a4cf55b6162,V,PIC192,,,
Donsy,Polygon,0x2953399124F0cBB46d2CbACD8A89cF0599974963,87714897162868436397076359957432153232038372862772084388093312619222619127809,https://opensea.io/assets/matic/0x2953399124f0cbb46d2cbacd8a89cf0599974963/87714897162868436397076359957432153232038372862772084388093312619222619127809,https://polygonscan.com/address/0x2953399124f0cbb46d2cbacd8a89cf0599974963,F,PIC193,,,
Donsy,Polygon,0x187778E70489bbD9c81de1F87FD6a9d2088CF1EB,4574,https://opensea.io/assets/matic/0x187778e70489bbd9c81de1f87fd6a9d2088cf1eb/4574,https://polygonscan.com/address/0x187778e70489bbd9c81de1f87fd6a9d2088cf1eb,V,PIC194,,,
Rekt Dogs,Polygon,0xAce8187B113a38F83Bd9C896C6878B175c234dCc,8161,https://opensea.io/assets/matic/0xace8187b113a38f83bd9c896c6878b175c234dcc/8161,https://polygonscan.com/address/0xace8187b113a38f83bd9c896c6878b175c234dcc,V,PIC195,,,
rektguy,Ethereum,0xB852c6b5892256C264Cc2C888eA462189154D8d7,6267,https://opensea.io/assets/ethereum/0xb852c6b5892256c264cc2c888ea462189154d8d7/6267,https://etherscan.io/address/0xb852c6b5892256c264cc2c888ea462189154d8d7,V,PIC196,,,
Mocaverse,Ethereum,0x59325733eb952a92e069C87F0A6168b29E80627f,4225,https://opensea.io/assets/ethereum/0x59325733eb952a92e069c87f0a6168b29e80627f/4225,https://etherscan.io/address/0x59325733eb952a92e069c87f0a6168b29e80627f,V,PIC197,,,
Ozaro Nft,Polygon,0x2953399124F0cBB46d2CbACD8A89cF0599974963,34897815206425077025913739975785761385374836417536167341402997479893234714272,https://opensea.io/assets/matic/0x2953399124f0cbb46d2cbacd8a89cf0599974963/34897815206425077025913739975785761385374836417536167341402997479893234714272,https://polygonscan.com/address/0x2953399124f0cbb46d2cbacd8a89cf0599974963,F,PIC198,,,
Danketsu,Polygon,0x2953399124F0cBB46d2CbACD8A89cF0599974963,33618502528251534373906188507641300831265073111405821262897535799800941773800,https://opensea.io/assets/matic/0x2953399124f0cbb46d2cbacd8a89cf0599974963/33618502528251534373906188507641300831265073111405821262897535799800941773800,https://polygonscan.com/address/0x2953399124f0cbb46d2cbacd8a89cf0599974963,F,PIC199,,,
Drill Club,Polygon,0x27D8A24a7445EC9671c913b33f11533DFa4Adef5,1,https://opensea.io/assets/matic/0x27d8a24a7445ec9671c913b33f11533dfa4adef5/1,https://polygonscan.com/address/0x27d8a24a7445ec9671c913b33f11533dfa4adef5,F,PIC200,,,
Chapitos,Ethereum,0xF419CdbaCdE81a94378c8168059a7526d7779F98,6739,https://opensea.io/assets/ethereum/0xf419cdbacde81a94378c8168059a7526d7779f98/6739,https://etherscan.io/address/0xf419cdbacde81a94378c8168059a7526d7779f98,V,PIC201,,,
Los Chapitos,Polygon,0x2953399124F0cBB46d2CbACD8A89cF0599974963,20959326796367989588500941246054373493678191278498445557599621866022447874049,https://opensea.io/assets/matic/0x2953399124f0cbb46d2cbacd8a89cf0599974963/20959326796367989588500941246054373493678191278498445557599621866022447874049,https://polygonscan.com/address/0x2953399124f0cbb46d2cbacd8a89cf0599974963,F,PIC202,,,
notdead1974,Ethereum,0xeaFFDB4b0f5E148946a808dF72A289B12ee3f790,557,https://opensea.io/assets/ethereum/0xeaffdb4b0f5e148946a808df72a289b12ee3f790/557,https://etherscan.io/address/0xeaffdb4b0f5e148946a808df72a289b12ee3f790,V,PIC203,,,
627EEA,Ethereum,0x21Baf34dbDf520c47a2F45228c4c3d7Fa7508777,3164,https://opensea.io/assets/ethereum/0x21baf34dbdf520c47a2f45228c4c3d7fa7508777/3164,https://etherscan.io/address/0x21baf34dbdf520c47a2f45228c4c3d7fa7508777,V,PIC204,,,
Kitaro World,Ethereum,0x495f947276749Ce646f68AC8c248420045cb7b5e,93095691265798838615643849468469492968973389813895359500792721438645547958273,https://opensea.io/assets/ethereum/0x495f947276749ce646f68ac8c248420045cb7b5e/93095691265798838615643849468469492968973389813895359500792721438645547958273,https://etherscan.io/address/0x495f947276749ce646f68ac8c248420045cb7b5e,F,PIC205,,,
Indigo Child,Polygon,0x2953399124F0cBB46d2CbACD8A89cF0599974963,9160455391106544959689213738047367510330587801876066024467029840243663568897,https://opensea.io/assets/matic/0x2953399124f0cbb46d2cbacd8a89cf0599974963/9160455391106544959689213738047367510330587801876066024467029840243663568897,https://polygonscan.com/address/0x2953399124f0cbb46d2cbacd8a89cf0599974963,F,PIC206,,,
IndigoChild,Ethereum,0xF305BD2C62398f452AD9b542730eae39A54AF358,4151,https://opensea.io/assets/ethereum/0xf305bd2c62398f452ad9b542730eae39a54af358/4151,https://etherscan.io/address/0xf305bd2c62398f452ad9b542730eae39a54af358,V,PIC207,,,
Town star,Ethereum,0x495f947276749Ce646f68AC8c248420045cb7b5e,89715982425576032657474389368030723138854353714517841595121652914238974329828,https://opensea.io/assets/ethereum/0x495f947276749ce646f68ac8c248420045cb7b5e/89715982425576032657474389368030723138854353714517841595121652914238974329828,https://etherscan.io/address/0x495f947276749ce646f68ac8c248420045cb7b5e,F,PIC208,,,
Party Memberships: HV-MTL go,Ethereum,0xABec9e63326E0c8D59daCAC0d01463D73e3ED7C5,4,https://opensea.io/assets/ethereum/0xabec9e63326e0c8d59dacac0d01463d73e3ed7c5/4,https://etherscan.io/address/0xabec9e63326e0c8d59dacac0d01463d73e3ed7c5,F,PIC209,,,
HV Metal Collection,Ethereum,0xFa07E6Ebf326e493F9b97a9dFb4829c548b23FCd,1,https://opensea.io/assets/ethereum/0xfa07e6ebf326e493f9b97a9dfb4829c548b23fcd/1,https://etherscan.io/address/0xfa07e6ebf326e493f9b97a9dfb4829c548b23fcd,F,PIC210,,,
Checks,Ethereum,0x036721e5A769Cc48B3189EFbb9ccE4471E8A48B1,13502,https://opensea.io/assets/ethereum/0x036721e5a769cc48b3189efbb9cce4471e8a48b1/13502,https://etherscan.io/address/0x036721e5a769cc48b3189efbb9cce4471e8a48b1,V,PIC211,,,
Checks,Ethereum,0x26aC5839712163d0dff4e10b7614AD633e578eB9,453,https://opensea.io/assets/ethereum/0x26ac5839712163d0dff4e10b7614ad633e578eb9/453,https://etherscan.io/address/0x26ac5839712163d0dff4e10b7614ad633e578eb9,F,PIC212,,,
Chicken Derby Serum,Polygon,0xB993c5Ef544A6C8eBe8Fd6DBc4803a4Bf7B3917d,1,https://opensea.io/assets/matic/0xb993c5ef544a6c8ebe8fd6dbc4803a4bf7b3917d/1,https://polygonscan.com/address/0xb993c5ef544a6c8ebe8fd6dbc4803a4bf7b3917d,F,PIC213,,,
Chicken Derby,Polygon,0x8634666bA15AdA4bbC83B9DbF285F73D9e46e4C2,23288,https://opensea.io/assets/matic/0x8634666ba15ada4bbc83b9dbf285f73d9e46e4c2/23288,https://polygonscan.com/address/0x8634666ba15ada4bbc83b9dbf285f73d9e46e4c2,V,PIC214,,,
Planet Kooky,Polygon,0x2953399124F0cBB46d2CbACD8A89cF0599974963,22415029338964513601968771408100485996210213424157708272247837240125909106689,https://opensea.io/assets/matic/0x2953399124f0cbb46d2cbacd8a89cf0599974963/22415029338964513601968771408100485996210213424157708272247837240125909106689,https://polygonscan.com/address/0x2953399124f0cbb46d2cbacd8a89cf0599974963,F,PIC215,,,
Planet Kooky,Polygon,0x69395f0B566CEA59AC8083e7fe95aE69EE275238,1327,https://opensea.io/assets/matic/0x69395f0b566cea59ac8083e7fe95ae69ee275238/1327,https://polygonscan.com/address/0x69395f0b566cea59ac8083e7fe95ae69ee275238,V,PIC216,,,
Arc8 Beats,Polygon,0x650bBabD21Fce6f237C89e07A099D5F980A99A4f,27,https://opensea.io/assets/matic/0x650bbabd21fce6f237c89e07a099d5f980a99a4f/27,https://polygonscan.com/address/0x650bbabd21fce6f237c89e07a099d5f980a99a4f,F,PIC217,,,
Arc8 Beats,Polygon,0x3A85ac1a9344a5940C614b4b79fE74b40469f936,31689,https://opensea.io/assets/matic/0x3a85ac1a9344a5940c614b4b79fe74b40469f936/31689,https://polygonscan.com/address/0x3a85ac1a9344a5940c614b4b79fe74b40469f936,V,PIC218,,,
Smart Cats,Polygon,0xD5cA946AC1c1F24Eb26dae9e1A53ba6a02bd97Fe,1562679116,https://opensea.io/assets/matic/0xd5ca946ac1c1f24eb26dae9e1a53ba6a02bd97fe/1562679116,https://polygonscan.com/address/0xd5ca946ac1c1f24eb26dae9e1a53ba6a02bd97fe,V,PIC219,,,
Pookyballs,Polygon,0x2953399124F0cBB46d2CbACD8A89cF0599974963,26587872228328865871341499259375159680681224949095922409834595326691641393153,https://opensea.io/assets/matic/0x2953399124f0cbb46d2cbacd8a89cf0599974963/26587872228328865871341499259375159680681224949095922409834595326691641393153,https://polygonscan.com/address/0x2953399124f0cbb46d2cbacd8a89cf0599974963,F,PIC220,,,
Art Gobbler Goblins,Ethereum,0x34E36DcBF38FD51a32B14082f8bb8B482F9dE443,10,https://opensea.io/assets/ethereum/0x34e36dcbf38fd51a32b14082f8bb8b482f9de443/10,https://etherscan.io/address/0x34e36dcbf38fd51a32b14082f8bb8b482f9de443,V,PIC221,,,
Art Gobbler,Ethereum,0x60bb1e2AA1c9ACAfB4d34F71585D7e959f387769,108,https://opensea.io/assets/ethereum/0x60bb1e2aa1c9acafb4d34f71585d7e959f387769/108,https://etherscan.io/address/0x60bb1e2aa1c9acafb4d34f71585d7e959f387769,V,PIC222,,,
Michelin 3xplorer,Polygon,0xC8598d8D1f4d3f828968C7e7f028c60e482ed50B,2,https://opensea.io/assets/matic/0xc8598d8d1f4d3f828968c7e7f028c60e482ed50b/2,https://polygonscan.com/address/0xc8598d8d1f4d3f828968c7e7f028c60e482ed50b,F,PIC223,,,
The Grapper,Ethereum,0x5143703D00D595D4A1323046697F777E4f204984,1,https://opensea.io/assets/base/0x5143703d00d595d4a1323046697f777e4f204984/1,https://basescan.org/address/0x5143703d00d595d4a1323046697f777e4f204984,F,PIC224,,,
CryptoPhunks v4,Ethereum,0x25e1ddB7212a6d7942f414E2beAfe2eBB02b5488,5387,https://opensea.io/assets/ethereum/0x25e1ddb7212a6d7942f414e2beafe2ebb02b5488/5387,https://etherscan.io/address/0x25e1ddb7212a6d7942f414e2beafe2ebb02b5488,F,PIC225,,,
My pet Hooligan Edition,Polygon,0x2953399124F0cBB46d2CbACD8A89cF0599974963,113614284497084394476508258338288431653978181244537835181895427194582422519810,https://opensea.io/assets/matic/0x2953399124f0cbb46d2cbacd8a89cf0599974963/113614284497084394476508258338288431653978181244537835181895427194582422519810,https://polygonscan.com/address/0x2953399124f0cbb46d2cbacd8a89cf0599974963,F,PIC226,,,
My pet Hooligan,Ethereum,0x09233d553058c2F42ba751C87816a8E9FaE7Ef10,1542,https://opensea.io/assets/ethereum/0x09233d553058c2f42ba751c87816a8e9fae7ef10/1542,https://etherscan.io/address/0x09233d553058c2f42ba751c87816a8e9fae7ef10,V,PIC227,,,
Pepe Pixeler,Polygon,0x2953399124F0cBB46d2CbACD8A89cF0599974963,8603243367512820907307111857287481051969577898250714158696910693481219883009,https://opensea.io/assets/matic/0x2953399124f0cbb46d2cbacd8a89cf0599974963/8603243367512820907307111857287481051969577898250714158696910693481219883009,https://polygonscan.com/address/0x2953399124f0cbb46d2cbacd8a89cf0599974963,F,PIC228,,,
Manspunks,Polygon,0x86d7d9Dfa9425C202A74B31B4682bc554D166Dad,3,https://opensea.io/assets/matic/0x86d7d9dfa9425c202a74b31b4682bc554d166dad/3,https://polygonscan.com/address/0x86d7d9dfa9425c202a74b31b4682bc554d166dad,F,PIC229,,,
Manspunks,Polygon,0x3c3ae34DF84c5187279A6dd83B8b192348C5b641,737,https://opensea.io/assets/matic/0x3c3ae34df84c5187279a6dd83b8b192348c5b641/737,https://polygonscan.com/address/0x3c3ae34df84c5187279a6dd83b8b192348c5b641,V,PIC230,,,
"$5,000,000 Giveaway",Polygon,0x63D65929Fc99EB3D2ea385cc4a1653503b67B5b7,1,https://opensea.io/assets/matic/0x63d65929fc99eb3d2ea385cc4a1653503b67b5b7/1,https://polygonscan.com/address/0x63d65929fc99eb3d2ea385cc4a1653503b67b5b7,F,PIC231,,,
Moose land,Polygon,0x65FdbDF1Ba61e3E989E88bBDEf1C893E573aD777,1203,https://opensea.io/assets/matic/0x65fdbdf1ba61e3e989e88bbdef1c893e573ad777/1203,https://polygonscan.com/address/0x65fdbdf1ba61e3e989e88bbdef1c893e573ad777,V,PIC232,,,
Ringers,Ethereum,0x495f947276749Ce646f68AC8c248420045cb7b5e,86532996358474673188911770789879370212628093257108885842596927238721549369844,https://opensea.io/assets/ethereum/0x495f947276749ce646f68ac8c248420045cb7b5e/86532996358474673188911770789879370212628093257108885842596927238721549369844,https://etherscan.io/address/0x495f947276749ce646f68ac8c248420045cb7b5e,F,PIC233,,,
Chromie Squiggle Rocks,Ethereum,0xC6D5d41da1A82223083097beeb8aE4405203A656,50,https://opensea.io/assets/ethereum/0xc6d5d41da1a82223083097beeb8ae4405203a656/50,https://etherscan.io/address/0xc6d5d41da1a82223083097beeb8ae4405203a656,F,PIC234,,,
CyberKongz,Ethereum,0x57a204AA1042f6E66DD7730813f4024114d74f37,481,https://opensea.io/assets/ethereum/0x57a204aa1042f6e66dd7730813f4024114d74f37/481,https://etherscan.io/address/0x57a204aa1042f6e66dd7730813f4024114d74f37,V,PIC235,,,
Otherside Koda,Ethereum,0xE012Baf811CF9c05c408e879C399960D1f305903,4004,https://opensea.io/assets/ethereum/0xe012baf811cf9c05c408e879c399960d1f305903/4004,https://etherscan.io/address/0xe012baf811cf9c05c408e879c399960d1f305903,V,PIC236,,,
Kanpai Panda,Ethereum,0xaCF63E56fd08970b43401492a02F6F38B6635C91,3555,https://opensea.io/assets/bsc/0xacf63e56fd08970b43401492a02f6f38b6635c91/3555,https://bscscan.com/address/0xacf63e56fd08970b43401492a02f6f38b6635c91,F,PIC237,,,
Kanpai Panda,Ethereum,0xaCF63E56fd08970b43401492a02F6F38B6635C91,4691,https://opensea.io/assets/ethereum/0xacf63e56fd08970b43401492a02f6f38b6635c91/4691,https://etherscan.io/address/0xacf63e56fd08970b43401492a02f6f38b6635c91,V,PIC238,,,
LLAC - live like a cat,Ethereum,0x449B20b9D509034fb97F97f5F15BC77d300a0492,16,https://opensea.io/assets/ethereum/0x449b20b9d509034fb97f97f5f15bc77d300a0492/16,https://etherscan.io/address/0x449b20b9d509034fb97f97f5f15bc77d300a0492,F,PIC239,,,
LLAC - live like a cat,Ethereum,0x597D757f8502F1fe8E7dD6fc7FE884A51C5Ae2b9,20976,https://opensea.io/assets/ethereum/0x597d757f8502f1fe8e7dd6fc7fe884a51c5ae2b9/20976,https://etherscan.io/address/0x597d757f8502f1fe8e7dd6fc7fe884a51c5ae2b9,V,PIC240,,,
Frowns,Ethereum,0x495f947276749Ce646f68AC8c248420045cb7b5e,8701362052794623041509006570088223837119079676960476115590942225651260719105,https://opensea.io/assets/ethereum/0x495f947276749ce646f68ac8c248420045cb7b5e/8701362052794623041509006570088223837119079676960476115590942225651260719105,https://etherscan.io/address/0x495f947276749ce646f68ac8c248420045cb7b5e,F,PIC241,,,
a KID called BEAST,Ethereum,0x495f947276749Ce646f68AC8c248420045cb7b5e,64052760134016317121267490578158353126316254780981891400721758096767468961793,https://opensea.io/assets/ethereum/0x495f947276749ce646f68ac8c248420045cb7b5e/64052760134016317121267490578158353126316254780981891400721758096767468961793,https://etherscan.io/address/0x495f947276749ce646f68ac8c248420045cb7b5e,F,PIC242,,,
Nouns,Ethereum,0xD6473f1d7C07Dc08983A7F09F59C1a2aBa17be41,13,https://opensea.io/assets/ethereum/0xd6473f1d7c07dc08983a7f09f59c1a2aba17be41/13,https://etherscan.io/address/0xd6473f1d7c07dc08983a7f09f59c1a2aba17be41,F,PIC243,,,
99 Originals,Ethereum,0x1C49Ed56dA6Be87B804BC1B8b817a259aA3132eD,14,https://opensea.io/assets/ethereum/0x1c49ed56da6be87b804bc1b8b817a259aa3132ed/14,https://etherscan.io/address/0x1c49ed56da6be87b804bc1b8b817a259aa3132ed,V,PIC244,,,
Feel Art essence,Ethereum,0x10B708169907dBf007045Df6D3A68c2a797f1Ba3,10,https://opensea.io/assets/ethereum/0x10b708169907dbf007045df6d3a68c2a797f1ba3/10,https://etherscan.io/address/0x10b708169907dbf007045df6d3a68c2a797f1ba3,V,PIC245,,,
Feel Art essence,Ethereum,0x495f947276749Ce646f68AC8c248420045cb7b5e,108872394720358832246400424339638869972386818736791174448559615305603126132737,https://opensea.io/assets/ethereum/0x495f947276749ce646f68ac8c248420045cb7b5e/108872394720358832246400424339638869972386818736791174448559615305603126132737,https://etherscan.io/address/0x495f947276749ce646f68ac8c248420045cb7b5e,F,PIC246,,,
Moonshot by Violetta Zironi,Ethereum,0x70bE4E3761188d0a8c525E54bB81c4Ea97712de4,49,https://opensea.io/assets/ethereum/0x70be4e3761188d0a8c525e54bb81c4ea97712de4/49,https://etherscan.io/address/0x70be4e3761188d0a8c525e54bb81c4ea97712de4,V,PIC247,,,
Kandy Land,Ethereum,0x495f947276749Ce646f68AC8c248420045cb7b5e,91114259686214100946493337938949139947292427305941930354746229355052292636683,https://opensea.io/assets/ethereum/0x495f947276749ce646f68ac8c248420045cb7b5e/91114259686214100946493337938949139947292427305941930354746229355052292636683,https://etherscan.io/address/0x495f947276749ce646f68ac8c248420045cb7b5e,F,PIC248,,,
KandyLand,Ethereum,0x0bcc509282a5fB44c32C59E2Fa1ce613F51c86a2,7622,https://opensea.io/assets/ethereum/0x0bcc509282a5fb44c32c59e2fa1ce613f51c86a2/7622,https://etherscan.io/address/0x0bcc509282a5fb44c32c59e2fa1ce613f51c86a2,V,PIC249,,,
San FranTokyo Genesis Pass,Ethereum,0x495f947276749Ce646f68AC8c248420045cb7b5e,63936080541878216284752974557482308056820620430428659325635367116707654008833,https://opensea.io/assets/ethereum/0x495f947276749ce646f68ac8c248420045cb7b5e/63936080541878216284752974557482308056820620430428659325635367116707654008833,https://etherscan.io/address/0x495f947276749ce646f68ac8c248420045cb7b5e,F,PIC250,,,
San FranTokyo Genesis Pass,Ethereum,0x52Cd55E331931F14191e1F7A068421D89aDe730b,1377,https://opensea.io/assets/ethereum/0x52cd55e331931f14191e1f7a068421d89ade730b/1377,https://etherscan.io/address/0x52cd55e331931f14191e1f7a068421d89ade730b,V,PIC251,,,
Cult,Ethereum,0x6dAb891Db13A66e31579D95b71ca15280041b214,1062,https://opensea.io/assets/ethereum/0x6dab891db13a66e31579d95b71ca15280041b214/1062,https://etherscan.io/address/0x6dab891db13a66e31579d95b71ca15280041b214,V,PIC252,,,
Very long CNP .,Ethereum,0x495f947276749Ce646f68AC8c248420045cb7b5e,3090931425032996038596882616957504347126152788007383811698998782919918485505,https://opensea.io/assets/ethereum/0x495f947276749ce646f68ac8c248420045cb7b5e/3090931425032996038596882616957504347126152788007383811698998782919918485505,https://etherscan.io/address/0x495f947276749ce646f68ac8c248420045cb7b5e,F,PIC253,,,
Very long CNP,Ethereum,0xCFE50e49ec3E5eb24cc5bBcE524166424563dD4E,3439,https://opensea.io/assets/ethereum/0xcfe50e49ec3e5eb24cc5bbce524166424563dd4e/3439,https://etherscan.io/address/0xcfe50e49ec3e5eb24cc5bbce524166424563dd4e,V,PIC254,,,
Polygunks,Ethereum,0xcC83aD9310201936dbb9509aADbA71CdB86d4461,402,https://opensea.io/assets/ethereum/0xcc83ad9310201936dbb9509aadba71cdb86d4461/402,https://etherscan.io/address/0xcc83ad9310201936dbb9509aadba71cdb86d4461,V,PIC255,,,
ChainFaces Arena,Polygon,0x2953399124F0cBB46d2CbACD8A89cF0599974963,8923766242822402149652405895473644911720349159944501419025180113567907577857,https://opensea.io/assets/matic/0x2953399124f0cbb46d2cbacd8a89cf0599974963/8923766242822402149652405895473644911720349159944501419025180113567907577857,https://polygonscan.com/address/0x2953399124f0cbb46d2cbacd8a89cf0599974963,F,PIC256,,,
ChainFaces Arena,Ethereum,0x93a796B1E846567Fe3577af7B7BB89F71680173a,15700,https://opensea.io/assets/ethereum/0x93a796b1e846567fe3577af7b7bb89f71680173a/15700,https://etherscan.io/address/0x93a796b1e846567fe3577af7b7bb89f71680173a,V,PIC257,,,
Beanz offical,Ethereum,0x306b1ea3ecdf94aB739F1910bbda052Ed4A9f949,4871,https://opensea.io/assets/ethereum/0x306b1ea3ecdf94ab739f1910bbda052ed4a9f949/4871,https://etherscan.io/address/0x306b1ea3ecdf94ab739f1910bbda052ed4a9f949,V,PIC258,,,
Elevated Deconstructions,Polygon,0x2953399124F0cBB46d2CbACD8A89cF0599974963,27982122891108091984160020562499980106910504301084992898500975754159002222593,https://opensea.io/assets/matic/0x2953399124f0cbb46d2cbacd8a89cf0599974963/27982122891108091984160020562499980106910504301084992898500975754159002222593,https://polygonscan.com/address/0x2953399124f0cbb46d2cbacd8a89cf0599974963,F,PIC259,,,
TriBuzz,Polygon,0x7802c717b3fc4E6A32d1aE3A31A6175Ebae9B164,3366,https://opensea.io/assets/matic/0x7802c717b3fc4e6a32d1ae3a31a6175ebae9b164/3366,https://polygonscan.com/address/0x7802c717b3fc4e6a32d1ae3a31a6175ebae9b164,V,PIC260,,,
Brozo,Polygon,0x220fa5cCc9404802ED6DB0935EB4feeFC27C937e,7834,https://opensea.io/assets/matic/0x220fa5ccc9404802ed6db0935eb4feefc27c937e/7834,https://polygonscan.com/address/0x220fa5ccc9404802ed6db0935eb4feefc27c937e,V,PIC261,,,
Space Riders NFT,Ethereum,0xC9d198089D6c31d0Ca5Cc5B92C97a57A97BBfdE2,3794,https://opensea.io/assets/ethereum/0xc9d198089d6c31d0ca5cc5b92c97a57a97bbfde2/3794,https://etherscan.io/address/0xc9d198089d6c31d0ca5cc5b92c97a57a97bbfde2,V,PIC262,,,
Aiko Virtual,Polygon,0x2953399124F0cBB46d2CbACD8A89cF0599974963,19500164840645648267941674699699302096197921985690924469990883328164685152257,https://opensea.io/assets/matic/0x2953399124f0cbb46d2cbacd8a89cf0599974963/19500164840645648267941674699699302096197921985690924469990883328164685152257,https://polygonscan.com/address/0x2953399124f0cbb46d2cbacd8a89cf0599974963,F,PIC263,,,
A:\Aiko Virtual,Ethereum,0xb661AB9BCd2878C5F8C136f67fd550a9D7dF7197,1490,https://opensea.io/assets/ethereum/0xb661ab9bcd2878c5f8c136f67fd550a9d7df7197/1490,https://etherscan.io/address/0xb661ab9bcd2878c5f8c136f67fd550a9d7df7197,V,PIC264,,,
GENUINE UNDEAD,Ethereum,0x209e639a0EC166Ac7a1A4bA41968fa967dB30221,6992,https://opensea.io/assets/ethereum/0x209e639a0ec166ac7a1a4ba41968fa967db30221/6992,https://etherscan.io/address/0x209e639a0ec166ac7a1a4ba41968fa967db30221,V,PIC265,,,
Alien Frens,Ethereum,0x123b30E25973FeCd8354dd5f41Cc45A3065eF88C,9548,https://opensea.io/assets/ethereum/0x123b30e25973fecd8354dd5f41cc45a3065ef88c/9548,https://etherscan.io/address/0x123b30e25973fecd8354dd5f41cc45a3065ef88c,V,PIC266,,,
LaserCat NFT,Ethereum,0x495f947276749Ce646f68AC8c248420045cb7b5e,46231627572159746252660748239835757872872474214917075050896024626801103863811,https://opensea.io/assets/ethereum/0x495f947276749ce646f68ac8c248420045cb7b5e/46231627572159746252660748239835757872872474214917075050896024626801103863811,https://etherscan.io/address/0x495f947276749ce646f68ac8c248420045cb7b5e,F,PIC267,,,
Cool Cats x Deadfellaz,Ethereum,0x495f947276749Ce646f68AC8c248420045cb7b5e,114220743049535130332126987089389320263100980002459008427461241597836314804225,https://opensea.io/assets/ethereum/0x495f947276749ce646f68ac8c248420045cb7b5e/114220743049535130332126987089389320263100980002459008427461241597836314804225,https://etherscan.io/address/0x495f947276749ce646f68ac8c248420045cb7b5e,V,PIC268,,,
Cool Cats NFT,Ethereum,0x1A92f7381B9F03921564a437210bB9396471050C,9243,https://opensea.io/assets/ethereum/0x1a92f7381b9f03921564a437210bb9396471050c/9243,https://etherscan.io/address/0x1a92f7381b9f03921564a437210bb9396471050c,V,PIC269,,,
ALTS by adidas,Ethereum,0x495f947276749Ce646f68AC8c248420045cb7b5e,58611428258241436783151785274080544676984047346747325809595437828616348499969,https://opensea.io/assets/ethereum/0x495f947276749ce646f68ac8c248420045cb7b5e/58611428258241436783151785274080544676984047346747325809595437828616348499969,https://etherscan.io/address/0x495f947276749ce646f68ac8c248420045cb7b5e,F,PIC270,,,
Pirate Nation - Founder's Pirates,Ethereum,0x1B41d54B3F8de13d58102c50D7431Fd6Aa1a2c48,5798,https://opensea.io/assets/ethereum/0x1b41d54b3f8de13d58102c50d7431fd6aa1a2c48/5798,https://etherscan.io/address/0x1b41d54b3f8de13d58102c50d7431fd6aa1a2c48,V,PIC271,,,
Creepz,Polygon,0x5657bBB5a1637fb704c1D71E6Ac1B8B6AdB51497,1,https://opensea.io/assets/matic/0x5657bbb5a1637fb704c1d71e6ac1b8b6adb51497/1,https://polygonscan.com/address/0x5657bbb5a1637fb704c1d71e6ac1b8b6adb51497,F,PIC272,,,
Creepz by OVERLORD,Ethereum,0x5946aeAAB44e65Eb370FFaa6a7EF2218Cff9b47D,11024,https://opensea.io/assets/ethereum/0x5946aeaab44e65eb370ffaa6a7ef2218cff9b47d/11024,https://etherscan.io/address/0x5946aeaab44e65eb370ffaa6a7ef2218cff9b47d,V,PIC273,,,
Mittaria Genesis,Ethereum,0x495f947276749Ce646f68AC8c248420045cb7b5e,108927486797268205560853553879571474538800092632198445841807334388495632302081,https://opensea.io/assets/ethereum/0x495f947276749ce646f68ac8c248420045cb7b5e/108927486797268205560853553879571474538800092632198445841807334388495632302081,https://etherscan.io/address/0x495f947276749ce646f68ac8c248420045cb7b5e,F,PIC274,,,
Mittaria Genesis,Ethereum,0x8Ff2e72f8FAF05384aEB501Ba9644C9759d2Fd5F,2179,https://opensea.io/assets/ethereum/0x8ff2e72f8faf05384aeb501ba9644c9759d2fd5f/2179,https://etherscan.io/address/0x8ff2e72f8faf05384aeb501ba9644c9759d2fd5f,V,PIC275,,,
raWPass,Polygon,0xA769f2Ebfa6129175d2F792c334047903466C977,6,https://opensea.io/assets/matic/0xa769f2ebfa6129175d2f792c334047903466c977/6,https://polygonscan.com/address/0xa769f2ebfa6129175d2f792c334047903466c977,F,PIC276,,,
Parallel Battlepass Cards,Ethereum,0x9d764bcf1AFFd83554B7626F22EAB2ffC60590C7,100100001,https://opensea.io/assets/ethereum/0x9d764bcf1affd83554b7626f22eab2ffc60590c7/100100001,https://etherscan.io/address/0x9d764bcf1affd83554b7626f22eab2ffc60590c7,V,PIC277,,,
Parallel Avatar,Ethereum,0x495f947276749Ce646f68AC8c248420045cb7b5e,61009281059528405476797732113714884661611981317314669163538576336163539255297,https://opensea.io/assets/ethereum/0x495f947276749ce646f68ac8c248420045cb7b5e/61009281059528405476797732113714884661611981317314669163538576336163539255297,https://etherscan.io/address/0x495f947276749ce646f68ac8c248420045cb7b5e,F,PIC278,,,
because unless until,Ethereum,0x99a9B7c1116f9ceEB1652de04d5969CcE509B069,472000566,https://opensea.io/assets/ethereum/0x99a9b7c1116f9ceeb1652de04d5969cce509b069/472000566,https://etherscan.io/address/0x99a9b7c1116f9ceeb1652de04d5969cce509b069,V,PIC279,,,
Genesis by Claire Silver,Ethereum,0xdFDE78d2baEc499fe18f2bE74B6c287eED9511d7,3000317,https://opensea.io/assets/ethereum/0xdfde78d2baec499fe18f2be74b6c287eed9511d7/3000317,https://etherscan.io/address/0xdfde78d2baec499fe18f2be74b6c287eed9511d7,V,PIC280,,,
ZuckBots NFT,Ethereum,0x495f947276749Ce646f68AC8c248420045cb7b5e,31592845925783464551462227006765034624030492659472615249536467107860048773121,https://opensea.io/assets/ethereum/0x495f947276749ce646f68ac8c248420045cb7b5e/31592845925783464551462227006765034624030492659472615249536467107860048773121,https://etherscan.io/address/0x495f947276749ce646f68ac8c248420045cb7b5e,F,PIC281,,,
ZuckBots,Ethereum,0xD7448cCbA6E1C01A5FBE4748e062c500FCfdF4f2,4874,https://opensea.io/assets/ethereum/0xd7448ccba6e1c01a5fbe4748e062c500fcfdf4f2/4874,https://etherscan.io/address/0xd7448ccba6e1c01a5fbe4748e062c500fcfdf4f2,V,PIC282,,,
MAX PAIN,Ethereum,0xd1169e5349d1cB9941F3DCbA135C8A4b9eACFDDE,171000101830,https://opensea.io/assets/ethereum/0xd1169e5349d1cb9941f3dcba135c8a4b9eacfdde/171000101830,https://etherscan.io/address/0xd1169e5349d1cb9941f3dcba135c8a4b9eacfdde,V,PIC283,,,
MAX REKT CONFESSIONS,Ethereum,0x7ecBB485C2198D007E3EC0F7320ad9472730BD28,92,https://opensea.io/assets/ethereum/0x7ecbb485c2198d007e3ec0f7320ad9472730bd28/92,https://etherscan.io/address/0x7ecbb485c2198d007e3ec0f7320ad9472730bd28,F,PIC284,,,
FLUF World,Ethereum,0xCcc441ac31f02cD96C153DB6fd5Fe0a2F4e6A68d,896,https://opensea.io/assets/ethereum/0xccc441ac31f02cd96c153db6fd5fe0a2f4e6a68d/896,https://etherscan.io/address/0xccc441ac31f02cd96c153db6fd5fe0a2f4e6a68d,V,PIC285,,,
Kanpai Girl NFT Extra 2022Christmas,Polygon,0x2953399124F0cBB46d2CbACD8A89cF0599974963,697661106927913141278058450514531264247383500830936258905167004009565782046,https://opensea.io/assets/matic/0x2953399124f0cbb46d2cbacd8a89cf0599974963/697661106927913141278058450514531264247383500830936258905167004009565782046,https://polygonscan.com/address/0x2953399124f0cbb46d2cbacd8a89cf0599974963,F,PIC286,,,
Runi,Polygon,0xa16F217Ab89A9CD95AebD50cBE138DCAaa667822,1,https://opensea.io/assets/matic/0xa16f217ab89a9cd95aebd50cbe138dcaaa667822/1,https://polygonscan.com/address/0xa16f217ab89a9cd95aebd50cbe138dcaaa667822,F,PIC287,,,
Runi,Ethereum,0xD900381f15CA67bE1895a3626df210e33c8D7590,1730,https://opensea.io/assets/ethereum/0xd900381f15ca67be1895a3626df210e33c8d7590/1730,https://etherscan.io/address/0xd900381f15ca67be1895a3626df210e33c8d7590,V,PIC288,,,
wafuku gen,Ethereum,0x495f947276749Ce646f68AC8c248420045cb7b5e,2428895158281744391800325185123281909878182035412536578045479661508291985409,https://opensea.io/assets/ethereum/0x495f947276749ce646f68ac8c248420045cb7b5e/2428895158281744391800325185123281909878182035412536578045479661508291985409,https://etherscan.io/address/0x495f947276749ce646f68ac8c248420045cb7b5e,F,PIC289,,,
Realms of Ether,Ethereum,0x8479277AaCFF4663Aa4241085a7E27934A0b0840,72986047338411392193774740454741642086040146817949676358841414185240293576875,https://opensea.io/assets/ethereum/0x8479277aacff4663aa4241085a7e27934a0b0840/72986047338411392193774740454741642086040146817949676358841414185240293576875,https://etherscan.io/address/0x8479277aacff4663aa4241085a7e27934a0b0840,V,PIC290,,,
The Memes by 6529,Ethereum,0x33FD426905F149f8376e227d0C9D3340AaD17aF1,22,https://opensea.io/assets/ethereum/0x33fd426905f149f8376e227d0c9d3340aad17af1/22,https://etherscan.io/address/0x33fd426905f149f8376e227d0c9d3340aad17af1,V,PIC291,,,
Murakami.Flowers Official,Ethereum,0x495f947276749Ce646f68AC8c248420045cb7b5e,87011559320101138823891962587019598097330955644988613932827322046383948562433,https://opensea.io/assets/ethereum/0x495f947276749ce646f68ac8c248420045cb7b5e/87011559320101138823891962587019598097330955644988613932827322046383948562433,https://etherscan.io/address/0x495f947276749ce646f68ac8c248420045cb7b5e,F,PIC292,,,
CNP Jobs,Ethereum,0x495f947276749Ce646f68AC8c248420045cb7b5e,58196224390311783244051747362311963567768719905280518174643139524870795165697,https://opensea.io/assets/ethereum/0x495f947276749ce646f68ac8c248420045cb7b5e/58196224390311783244051747362311963567768719905280518174643139524870795165697,https://etherscan.io/address/0x495f947276749ce646f68ac8c248420045cb7b5e,F,PIC293,,,
CNP Jobs,Ethereum,0xc4FeDaF6f2B6B900f5d5F8b702aa09D9BdBFDC21,7419,https://opensea.io/assets/ethereum/0xc4fedaf6f2b6b900f5d5f8b702aa09d9bdbfdc21/7419,https://etherscan.io/address/0xc4fedaf6f2b6b900f5d5f8b702aa09d9bdbfdc21,V,PIC294,,,
Hytopia World,Ethereum,0x8D9710f0e193d3f95c0723eAAF1A81030Dc9116D,470,https://opensea.io/collection/topia-worlds,https://etherscan.io/address/0x8d9710f0e193d3f95c0723eaaf1a81030dc9116d,V,PIC295,,,
OnChain Rainbow Monkey,Polygon,0x9bb7F0FF816FF2150Fd84667f03890a6AdD40d41,2043,https://opensea.io/assets/matic/0x9bb7f0ff816ff2150fd84667f03890a6add40d41/2043,https://polygonscan.com/address/0x9bb7f0ff816ff2150fd84667f03890a6add40d41,F,PIC296,,,
beef brothko,Ethereum,0x495f947276749Ce646f68AC8c248420045cb7b5e,32027427492796411264227241075753645314706748890405632425033250300101891457025,https://opensea.io/assets/ethereum/0x495f947276749ce646f68ac8c248420045cb7b5e/32027427492796411264227241075753645314706748890405632425033250300101891457025,https://etherscan.io/address/0x495f947276749ce646f68ac8c248420045cb7b5e,F,PIC297,,,
Velocity Pass,Ethereum,0x495f947276749Ce646f68AC8c248420045cb7b5e,33976023691764344905720189509323671969558109270080145535486810556784170762241,https://opensea.io/assets/ethereum/0x495f947276749ce646f68ac8c248420045cb7b5e/33976023691764344905720189509323671969558109270080145535486810556784170762241,https://etherscan.io/address/0x495f947276749ce646f68ac8c248420045cb7b5e,F,PIC298,,,
 A kid Called BEAST,Ethereum,0x77372a4cc66063575b05b44481F059BE356964A4,8949,https://opensea.io/assets/ethereum/0x77372a4cc66063575b05b44481f059be356964a4/8949,https://etherscan.io/address/0x77372a4cc66063575b05b44481f059be356964a4,V,PIC299,,,
Winds of Yawanawa,Ethereum,0x7a63d17F5a59BCA04B6702F461b1f1A1c59b100B,613,https://opensea.io/assets/ethereum/0x7a63d17f5a59bca04b6702f461b1f1a1c59b100b/613,https://etherscan.io/address/0x7a63d17f5a59bca04b6702f461b1f1a1c59b100b,V,PIC300,,,
RTFKT x Nike Dunk Genesis CRYPTOKICKS,Ethereum,0xF661D58cfE893993b11D53d11148c4650590C692,6660,https://opensea.io/assets/ethereum/0xf661d58cfe893993b11d53d11148c4650590c692/6660,https://etherscan.io/address/0xf661d58cfe893993b11d53d11148c4650590c692,V,PIC301,,,
BAYC x Nike Free Mint,Polygon,0x3E7162fdDAf5d57069dB540ebbb2206ec85daB18,100,https://opensea.io/assets/matic/0x3e7162fddaf5d57069db540ebbb2206ec85dab18/100,https://polygonscan.com/address/0x3e7162fddaf5d57069db540ebbb2206ec85dab18,F,PIC302,,,
World of Women,Ethereum,0xe785E82358879F061BC3dcAC6f0444462D4b5330,3206,https://opensea.io/assets/ethereum/0xe785e82358879f061bc3dcac6f0444462d4b5330/3206,https://etherscan.io/address/0xe785e82358879f061bc3dcac6f0444462d4b5330,V,PIC303,,,
Vegiemon,Ethereum,0x495f947276749Ce646f68AC8c248420045cb7b5e,36458333212587276176400718393644301447635354803349079129960158167425087438849,https://opensea.io/assets/ethereum/0x495f947276749ce646f68ac8c248420045cb7b5e/36458333212587276176400718393644301447635354803349079129960158167425087438849,https://etherscan.io/address/0x495f947276749ce646f68ac8c248420045cb7b5e,F,PIC304,,,
First First NFT,Polygon,0x2953399124F0cBB46d2CbACD8A89cF0599974963,33997189753589616192995806627631398081397554352317579471102538231232476479489,https://opensea.io/assets/matic/0x2953399124f0cbb46d2cbacd8a89cf0599974963/33997189753589616192995806627631398081397554352317579471102538231232476479489,https://polygonscan.com/address/0x2953399124f0cbb46d2cbacd8a89cf0599974963,F,PIC305,,,
hyperbearv2,Polygon,0x2953399124F0cBB46d2CbACD8A89cF0599974963,44151008648715319934787168400329054959131745918060157280195880151285801943041,https://opensea.io/assets/matic/0x2953399124f0cbb46d2cbacd8a89cf0599974963/44151008648715319934787168400329054959131745918060157280195880151285801943041,https://polygonscan.com/address/0x2953399124f0cbb46d2cbacd8a89cf0599974963,F,PIC306,,,
Rota ,Ethereum,0xDfB29501b42f63A947Ddc5249F185D6BcBE6986f,4451,https://opensea.io/assets/ethereum/0xdfb29501b42f63a947ddc5249f185d6bcbe6986f/4451,https://etherscan.io/address/0xdfb29501b42f63a947ddc5249f185d6bcbe6986f,V,PIC307,,,